time,cpu_percent_0,cpu_percent_1,cpu_percent_2,cpu_percent_3,virtual_memory,adc_voltage
2023-09-07 16:41:40.623437,0.0,0.0,0.0,0.0,22.0,0.4566389355143895
2023-09-07 16:41:40.733764,0.0,0.0,0.0,100.0,22.0,0.469514328440199
2023-09-07 16:41:40.844216,0.0,0.0,0.0,100.0,22.0,0.4291380962553789
2023-09-07 16:41:40.954665,0.0,0.0,0.0,0.0,22.0,0.47163939329203164
2023-09-07 16:41:41.065090,0.0,0.0,0.0,0.0,22.0,0.4497637256996368
2023-09-07 16:41:41.175458,0.0,0.0,0.0,0.0,22.0,0.4333882259590442
2023-09-07 16:41:41.286251,0.0,0.0,0.0,0.0,22.0,0.48426477858821376
2023-09-07 16:41:41.396571,0.0,0.0,0.0,0.0,22.0,0.43601330607013156
2023-09-07 16:41:41.506891,0.0,0.0,0.0,0.0,22.0,0.44613861507004
2023-09-07 16:41:41.617173,0.0,0.0,0.0,0.0,22.0,0.47138938566240424
2023-09-07 16:41:41.727512,0.0,0.0,0.0,0.0,22.0,0.42626300851466414
2023-09-07 16:41:41.837791,0.0,0.0,0.0,0.0,22.0,0.47713956114383377
2023-09-07 16:41:41.948061,0.0,0.0,0.0,0.0,22.0,0.4462636188848537
2023-09-07 16:41:42.058342,0.0,0.0,0.0,0.0,22.0,0.4323881954405347
2023-09-07 16:41:42.168620,0.0,0.0,0.0,0.0,22.0,0.4776395764030885
2023-09-07 16:41:42.278923,0.0,0.0,0.0,0.0,22.0,0.42801306192205574
2023-09-07 16:41:42.389174,0.0,0.0,0.0,0.0,22.0,0.46638923306985686
2023-09-07 16:41:42.499403,0.0,0.0,0.0,0.0,22.0,0.4550138859218116
2023-09-07 16:41:42.609614,0.0,0.0,0.0,0.0,22.0,0.41813776055177465
2023-09-07 16:41:42.719963,0.0,0.0,0.0,0.0,22.0,0.483764763328959
2023-09-07 16:41:42.830246,0.0,0.0,0.0,0.0,22.0,0.4337632374034852
2023-09-07 16:41:42.940488,0.0,0.0,0.0,0.0,22.0,0.4506387524033326
2023-09-07 16:41:43.050781,0.0,0.0,0.0,0.0,22.0,0.4748894924771874
2023-09-07 16:41:43.161081,0.0,0.0,0.0,0.0,22.0,0.420762840662862
2023-09-07 16:41:43.271330,0.0,0.0,0.0,0.0,22.0,0.481389690847499
2023-09-07 16:41:43.381570,0.0,0.0,0.0,0.0,22.0,0.44276351207007053
2023-09-07 16:41:43.491790,0.0,0.0,0.0,0.0,22.0,0.42951310769981993
2023-09-07 16:41:43.602098,0.0,0.0,0.0,0.0,22.0,0.48338975188451794
2023-09-07 16:41:43.712423,0.0,0.0,0.0,0.0,22.0,0.42951310769981993
2023-09-07 16:41:43.822775,0.0,0.0,0.0,0.0,22.0,0.46513919492172
2023-09-07 16:41:43.933068,0.0,0.0,0.0,0.0,22.0,0.45851399273659477
2023-09-07 16:41:44.043479,0.0,0.0,0.0,0.0,22.0,0.4168877224036378
2023-09-07 16:41:44.153848,0.0,0.0,0.0,100.0,22.0,0.48338975188451794
2023-09-07 16:41:44.264179,0.0,0.0,0.0,100.0,22.0,0.4333882259590442
2023-09-07 16:41:44.374500,0.0,0.0,0.0,100.0,22.0,0.44063844721823786
2023-09-07 16:41:44.484855,0.0,0.0,0.0,0.0,22.0,0.47588952299569687
2023-09-07 16:41:44.595179,0.0,0.0,0.0,0.0,22.0,0.4221378826258126
2023-09-07 16:41:44.705562,0.0,0.0,0.0,0.0,22.0,0.4696393322550127
2023-09-07 16:41:44.815968,0.0,0.0,0.0,0.0,22.0,0.44801367229224526
2023-09-07 16:41:44.926352,0.0,0.0,0.0,0.0,22.0,0.41763774529251996
2023-09-07 16:41:45.036663,0.0,0.0,0.0,0.0,22.0,0.47876461073641163
2023-09-07 16:41:45.146958,0.0,0.0,0.0,0.0,22.0,0.4292631000701926
2023-09-07 16:41:45.257171,0.0,0.0,0.0,0.0,22.0,0.4567639393292032
2023-09-07 16:41:45.367421,0.0,0.0,0.0,0.0,22.0,0.46176409192175055
2023-09-07 16:41:45.477721,0.0,0.0,0.0,0.0,22.0,0.41601269569994204
2023-09-07 16:41:45.587972,0.0,0.0,0.0,0.0,22.0,0.48151469466231267
2023-09-07 16:41:45.698194,0.0,0.0,0.0,0.0,22.0,0.4356382946256905
2023-09-07 16:41:45.808635,0.0,0.0,0.0,0.0,22.0,0.43526328318124946
2023-09-07 16:41:45.918987,0.0,0.0,0.0,0.0,22.0,0.4756395153660695
2023-09-07 16:41:46.029176,0.0,0.0,0.0,0.0,22.0,0.4231379131443221
2023-09-07 16:41:46.155018,7.7,0.0,0.0,0.0,22.0,0.4897649464400159
2023-09-07 16:41:46.266746,54.5,0.0,0.0,0.0,22.0,0.4683892941068758
2023-09-07 16:41:46.377257,100.0,0.0,0.0,0.0,22.0,0.42626300851466414
2023-09-07 16:41:46.487542,100.0,0.0,0.0,0.0,22.0,0.49814020203253273
2023-09-07 16:41:46.597828,100.0,0.0,0.0,0.0,22.0,0.4420134891811884
2023-09-07 16:41:46.708042,100.0,0.0,0.0,0.0,22.0,0.46513919492172
2023-09-07 16:41:46.818271,100.0,0.0,0.0,0.0,22.0,0.48151469466231267
2023-09-07 16:41:46.928464,100.0,0.0,0.0,0.0,22.0,0.42701303140354624
2023-09-07 16:41:47.038718,100.0,0.0,0.0,0.0,22.0,0.4946400952177496
2023-09-07 16:41:47.148984,100.0,0.0,0.0,0.0,22.0,0.44813867610705893
2023-09-07 16:41:47.259262,100.0,0.0,0.0,0.0,22.0,0.44476357310708947
2023-09-07 16:41:47.369521,100.0,0.0,0.0,0.0,22.0,0.4911399884029664
2023-09-07 16:41:47.480859,100.0,0.0,0.0,0.0,22.0,0.4432635273293253
2023-09-07 16:41:47.591192,100.0,0.0,0.0,0.0,22.0,0.47226441236610006
2023-09-07 16:41:47.701346,100.0,0.0,0.0,0.0,22.0,0.4756395153660695
2023-09-07 16:41:47.811339,100.0,0.0,0.0,0.0,22.0,0.4290130924405652
2023-09-07 16:41:47.921314,100.0,0.0,0.0,0.0,22.0,0.5011402935880612
2023-09-07 16:41:48.031299,100.0,0.0,0.0,0.0,22.0,0.4422634968108158
2023-09-07 16:41:48.141282,100.0,0.0,0.0,0.0,22.0,0.47588952299569687
2023-09-07 16:41:48.251315,100.0,0.0,0.0,0.0,22.0,0.4708893704031495
2023-09-07 16:41:48.361307,100.0,0.0,0.0,0.0,22.0,0.4283880733664968
2023-09-07 16:41:48.471322,100.0,0.0,0.0,0.0,22.0,0.49876522110660115
2023-09-07 16:41:48.581307,100.0,0.0,0.0,0.0,22.0,0.44138847010712
2023-09-07 16:41:48.691352,100.0,0.0,0.0,0.0,22.0,0.47788958403271586
2023-09-07 16:41:48.801334,100.0,0.0,0.0,0.0,22.0,0.47226441236610006
2023-09-07 16:41:48.911377,100.0,0.0,0.0,0.0,22.0,0.4305131382183294
2023-09-07 16:41:49.021329,100.0,0.0,0.0,0.0,22.0,0.4992652363658559
2023-09-07 16:41:49.131310,100.0,0.0,0.0,0.0,22.0,0.44138847010712
2023-09-07 16:41:49.241307,100.0,0.0,0.0,0.0,22.0,0.4800146488845485
2023-09-07 16:41:49.351313,100.0,0.0,0.0,0.0,22.0,0.4700143436994538
2023-09-07 16:41:49.461316,100.0,0.0,0.0,0.0,22.0,0.4300131229590747
2023-09-07 16:41:49.571294,100.0,0.0,0.0,0.0,22.0,0.4996402478102969
2023-09-07 16:41:49.681296,100.0,0.0,0.0,0.0,22.0,0.4383883785515916
2023-09-07 16:41:49.791298,100.0,0.0,0.0,0.0,22.0,0.4802646565141759
2023-09-07 16:41:49.901318,100.0,0.0,0.0,0.0,22.0,0.46576421399578843
2023-09-07 16:41:50.011354,100.0,0.0,0.0,0.0,22.0,0.4323881954405347
2023-09-07 16:41:50.121332,100.0,0.0,0.0,0.0,22.0,0.4960151371807001
2023-09-07 16:41:50.231321,100.0,0.0,0.0,0.0,22.0,0.43988842432935576
2023-09-07 16:41:50.341327,100.0,0.0,0.0,0.0,22.0,0.48151469466231267
2023-09-07 16:41:50.451313,100.0,0.0,0.0,0.0,22.0,0.46413916440321057
2023-09-07 16:41:50.561317,100.0,0.0,0.0,0.0,22.0,0.4356382946256905
2023-09-07 16:41:50.671308,100.0,0.0,0.0,0.0,22.0,0.4965151524399548
2023-09-07 16:41:50.783445,100.0,0.0,0.0,0.0,22.0,0.4510137638477737
2023-09-07 16:41:50.893678,100.0,0.0,0.0,0.0,22.0,0.4462636188848537
2023-09-07 16:41:51.003774,100.0,0.0,0.0,100.0,22.0,0.48913992736594747
2023-09-07 16:41:51.113848,100.0,0.0,0.0,100.0,22.0,0.43401324503311256
2023-09-07 16:41:51.223922,100.0,0.0,0.0,100.0,22.0,0.488514908291879
2023-09-07 16:41:51.333957,100.0,0.0,0.0,100.0,22.0,0.4531388286996063
2023-09-07 16:41:51.444054,100.0,0.0,0.0,100.0,22.0,0.4411384624774926
2023-09-07 16:41:51.554241,100.0,0.0,0.0,100.0,22.0,0.49251503036591693
2023-09-07 16:41:51.670361,100.0,0.0,0.0,0.0,22.0,0.5021403241065707
2023-09-07 16:41:51.782328,0.0,0.0,0.0,0.0,22.0,0.44213849299600205
2023-09-07 16:41:51.892611,0.0,0.0,0.0,0.0,22.0,0.469514328440199
2023-09-07 16:41:52.002715,0.0,0.0,0.0,0.0,22.0,0.4748894924771874
2023-09-07 16:41:52.112795,0.0,0.0,0.0,0.0,22.0,0.42863808099612416
2023-09-07 16:41:52.222859,0.0,0.0,0.0,0.0,22.0,0.4993902401806696
2023-09-07 16:41:52.332910,0.0,0.0,0.0,0.0,22.0,0.4450135807367168
2023-09-07 16:41:52.442985,0.0,0.0,0.0,0.0,22.0,0.46663924069948426
2023-09-07 16:41:52.553010,0.0,0.0,0.0,0.0,22.0,0.47963963744010746
2023-09-07 16:41:52.663036,0.0,0.0,0.0,0.0,22.0,0.42788805810724206
2023-09-07 16:41:52.773055,0.0,0.0,0.0,0.0,22.0,0.5003902706991791
2023-09-07 16:41:52.883086,0.0,0.0,0.0,0.0,22.0,0.44476357310708947
2023-09-07 16:41:52.993247,0.0,0.0,0.0,0.0,22.0,0.46676424451429793
2023-09-07 16:41:53.103282,0.0,0.0,0.0,0.0,22.0,0.4806396679586169
2023-09-07 16:41:53.213300,0.0,0.0,0.0,0.0,22.0,0.42788805810724206
2023-09-07 16:41:53.323355,0.0,0.0,0.0,0.0,22.0,0.49826520584734646
2023-09-07 16:41:53.433396,0.0,0.0,0.0,0.0,22.0,0.44451356547746207
2023-09-07 16:41:53.543420,0.0,0.0,0.0,0.0,22.0,0.4655142063661611
2023-09-07 16:41:53.653453,0.0,0.0,0.0,0.0,22.0,0.48113968321787165
2023-09-07 16:41:53.763609,0.0,0.0,0.0,0.0,22.0,0.42813806573686947
2023-09-07 16:41:53.873670,0.0,0.0,0.0,0.0,22.0,0.4991402325510422
2023-09-07 16:41:53.983707,0.0,0.0,0.0,0.0,22.0,0.4475136570329905
2023-09-07 16:41:54.093800,0.0,0.0,0.0,100.0,22.0,0.46276412244026
2023-09-07 16:41:54.203869,0.0,0.0,0.0,100.0,22.0,0.48501480147709586
2023-09-07 16:41:54.314012,0.0,0.0,0.0,100.0,22.0,0.4288880886257515
2023-09-07 16:41:54.424062,0.0,0.0,0.0,100.0,22.0,0.5003902706991791
2023-09-07 16:41:54.535402,0.0,0.0,0.0,0.0,22.0,0.4590140079958495
2023-09-07 16:41:54.645517,0.0,0.0,0.0,0.0,22.0,0.4347632679219947
2023-09-07 16:41:54.755575,0.0,0.0,0.0,0.0,22.0,0.4940150761436811
2023-09-07 16:41:54.865616,0.0,0.0,0.0,0.0,22.0,0.4372633442182684
2023-09-07 16:41:54.975668,0.0,0.0,0.0,0.0,22.0,0.4835147556993316
2023-09-07 16:41:55.085713,0.0,0.0,0.0,0.0,22.0,0.46251411481063265
2023-09-07 16:41:55.195793,0.0,0.0,0.0,0.0,22.0,0.4362633136997589
2023-09-07 16:41:55.305829,0.0,0.0,0.0,0.0,22.0,0.49576512955107277
2023-09-07 16:41:55.415869,0.0,100.0,0.0,0.0,22.0,0.4376383556627094
2023-09-07 16:41:55.525922,0.0,100.0,0.0,0.0,22.0,0.48151469466231267
2023-09-07 16:41:55.635964,0.0,100.0,0.0,0.0,22.0,0.4616390881069369
2023-09-07 16:41:55.746001,0.0,100.0,0.0,0.0,22.0,0.43113815729239785
2023-09-07 16:41:55.858883,0.0,0.0,0.0,0.0,22.0,0.4866398510696738
2023-09-07 16:41:55.969056,0.0,0.0,0.0,0.0,22.0,0.45726395458845787
2023-09-07 16:41:56.079040,0.0,0.0,0.0,0.0,22.0,0.44151347392193363
2023-09-07 16:41:56.189029,0.0,0.0,0.0,0.0,22.0,0.4907649769585254
2023-09-07 16:41:56.299027,0.0,0.0,0.0,0.0,22.0,0.43413824884792623
2023-09-07 16:41:56.408996,0.0,0.0,0.0,0.0,22.0,0.4886399121066927
2023-09-07 16:41:56.518997,0.0,0.0,0.0,0.0,22.0,0.45926401562547686
2023-09-07 16:41:56.629038,0.0,0.0,0.0,0.0,22.0,0.4432635273293253
2023-09-07 16:41:56.739014,0.0,0.0,0.0,0.0,22.0,0.49176500747703483
2023-09-07 16:41:56.849007,0.0,0.0,0.0,0.0,22.0,0.43526328318124946
2023-09-07 16:41:56.958993,0.0,0.0,0.0,0.0,22.0,0.49138999603259376
2023-09-07 16:41:57.068967,0.0,0.0,0.0,0.0,22.0,0.4525138096255379
2023-09-07 16:41:57.185240,0.0,0.0,0.0,0.0,22.1,0.4746394848475601
2023-09-07 16:41:57.297466,100.0,0.0,0.0,0.0,22.1,0.4276380504776147
2023-09-07 16:41:57.408033,100.0,0.0,0.0,0.0,22.1,0.49589013336588644
2023-09-07 16:41:57.518263,100.0,0.0,0.0,0.0,22.1,0.44701364177373576
2023-09-07 16:41:57.628341,100.0,0.0,0.0,0.0,22.1,0.45976403088473156
2023-09-07 16:41:57.738377,100.0,0.0,0.0,0.0,22.1,0.48188970610675375
2023-09-07 16:41:57.848402,100.0,0.0,0.0,0.0,22.1,0.42576299325540945
2023-09-07 16:41:57.958432,100.0,0.0,0.0,0.0,22.1,0.4966401562547685
2023-09-07 16:41:58.068418,100.0,0.0,0.0,0.0,22.1,0.4436385387737663
2023-09-07 16:41:58.178408,100.0,0.0,0.0,0.0,22.1,0.4587640003662221
2023-09-07 16:41:58.288380,100.0,0.0,0.0,0.0,22.1,0.4810146794030579
2023-09-07 16:41:58.398362,100.0,0.0,0.0,0.0,22.1,0.42551298562578205
2023-09-07 16:41:58.508355,100.0,0.0,0.0,0.0,22.1,0.4960151371807001
2023-09-07 16:41:58.618346,100.0,0.0,0.0,0.0,22.1,0.4428885158848842
2023-09-07 16:41:58.728364,100.0,0.0,0.0,0.0,22.1,0.46451417584765164
2023-09-07 16:41:58.838365,100.0,0.0,0.0,0.0,22.1,0.47863960692159796
2023-09-07 16:41:58.948369,100.0,0.0,0.0,0.0,22.1,0.42688802758873257
2023-09-07 16:41:59.058369,100.0,0.0,0.0,0.0,22.1,0.4993902401806696
2023-09-07 16:41:59.168344,100.0,0.0,0.0,0.0,22.1,0.44376354258858003
2023-09-07 16:41:59.278327,100.0,0.0,0.0,0.0,22.1,0.46638923306985686
2023-09-07 16:41:59.388335,100.0,0.0,0.0,0.0,22.1,0.4782645954771569
2023-09-07 16:41:59.498308,100.0,0.0,0.0,0.0,22.1,0.4256379894405958
2023-09-07 16:41:59.608302,100.0,0.0,0.0,0.0,22.1,0.49839020966216013
2023-09-07 16:41:59.718294,100.0,0.0,0.0,0.0,22.1,0.44338853114413895
2023-09-07 16:41:59.828268,100.0,0.0,0.0,0.0,22.1,0.47026435132908107
2023-09-07 16:41:59.938251,100.0,0.0,0.0,0.0,22.1,0.4745144810327464
2023-09-07 16:42:00.048266,100.0,0.0,0.0,0.0,22.1,0.4283880733664968
2023-09-07 16:42:00.158237,100.0,0.0,0.0,0.0,22.1,0.497640186773278
2023-09-07 16:42:00.268221,100.0,0.0,0.0,0.0,22.1,0.4422634968108158
2023-09-07 16:42:00.378253,100.0,0.0,0.0,0.0,22.1,0.4700143436994538
2023-09-07 16:42:00.488290,100.0,0.0,0.0,0.0,22.1,0.47301443525498216
2023-09-07 16:42:00.598262,100.0,0.0,0.0,0.0,22.1,0.42963811151463366
2023-09-07 16:42:00.708307,100.0,0.0,0.0,0.0,22.1,0.4975151829584643
2023-09-07 16:42:00.818293,100.0,0.0,0.0,0.0,22.1,0.4407634510330516
2023-09-07 16:42:00.928446,100.0,0.0,0.0,0.0,22.1,0.4810146794030579
2023-09-07 16:42:01.038645,100.0,0.0,0.0,0.0,22.1,0.4753895077364421
2023-09-07 16:42:01.148613,100.0,0.0,0.0,0.0,22.1,0.42576299325540945
2023-09-07 16:42:01.258599,100.0,0.0,0.0,0.0,22.1,0.49476509903256327
2023-09-07 16:42:01.368549,100.0,0.0,0.0,0.0,22.1,0.4405134434034242
2023-09-07 16:42:01.478539,100.0,0.0,0.0,0.0,22.1,0.471889400921659
2023-09-07 16:42:01.589776,100.0,0.0,0.0,0.0,22.1,0.4873898739585559
2023-09-07 16:42:01.699910,100.0,0.0,0.0,0.0,22.1,0.42963811151463366
2023-09-07 16:42:01.810008,100.0,0.0,0.0,0.0,22.1,0.49088998077333906
2023-09-07 16:42:01.920137,100.0,0.0,0.0,0.0,22.1,0.44913870662556843
2023-09-07 16:42:02.030180,100.0,0.0,0.0,0.0,22.1,0.44701364177373576
2023-09-07 16:42:02.140172,100.0,0.0,0.0,0.0,22.1,0.4886399121066927
2023-09-07 16:42:02.250183,100.0,0.0,0.0,0.0,22.1,0.4302631305887021
2023-09-07 16:42:02.360170,100.0,0.0,0.0,0.0,22.1,0.4946400952177496
2023-09-07 16:42:02.470172,100.0,0.0,0.0,0.0,22.1,0.4482636799218726
2023-09-07 16:42:02.580185,100.0,0.0,0.0,0.0,22.1,0.45013873714407787
2023-09-07 16:42:02.696398,91.7,100.0,0.0,0.0,22.2,0.4357632984405042
2023-09-07 16:42:02.808497,0.0,0.0,0.0,0.0,22.2,0.500015259254738
2023-09-07 16:42:02.918980,0.0,0.0,0.0,0.0,22.2,0.44613861507004
2023-09-07 16:42:03.029415,0.0,0.0,0.0,0.0,22.2,0.4628891262550737
2023-09-07 16:42:03.139890,0.0,0.0,0.0,0.0,22.2,0.4847647938474685
2023-09-07 16:42:03.250205,0.0,0.0,0.0,0.0,22.2,0.43063814203314316
2023-09-07 16:42:03.360210,0.0,0.0,0.0,0.0,22.2,0.4965151524399548
2023-09-07 16:42:03.470203,0.0,0.0,0.0,0.0,22.2,0.44838868373668633
2023-09-07 16:42:03.580179,0.0,0.0,0.0,0.0,22.2,0.4547638782921842
2023-09-07 16:42:03.690170,0.0,0.0,0.0,0.0,22.2,0.48326474806970426
2023-09-07 16:42:03.800193,0.0,0.0,0.0,0.0,22.2,0.429888119144261
2023-09-07 16:42:03.910216,0.0,0.0,0.0,0.0,22.2,0.4993902401806696
2023-09-07 16:42:04.020208,0.0,0.0,0.0,0.0,22.2,0.4463886226996674
2023-09-07 16:42:04.130170,0.0,0.0,0.0,0.0,22.2,0.46076406140324105
2023-09-07 16:42:04.240173,0.0,0.0,0.0,0.0,22.2,0.4841397747734001
2023-09-07 16:42:04.350167,0.0,0.0,0.0,0.0,22.2,0.42863808099612416
2023-09-07 16:42:04.460172,0.0,0.0,0.0,0.0,22.2,0.49814020203253273
2023-09-07 16:42:04.570179,0.0,0.0,0.0,0.0,22.2,0.44663863032929474
2023-09-07 16:42:04.680225,9.1,0.0,0.0,0.0,22.2,0.45888900418103584
2023-09-07 16:42:04.790389,0.0,0.0,0.0,0.0,22.2,0.48501480147709586
2023-09-07 16:42:04.900470,0.0,0.0,0.0,0.0,22.2,0.4291380962553789
2023-09-07 16:42:05.010519,0.0,0.0,0.0,0.0,22.2,0.4946400952177496
2023-09-07 16:42:05.120483,0.0,0.0,0.0,0.0,22.2,0.4451385845515305
2023-09-07 16:42:05.230444,0.0,0.0,0.0,0.0,22.2,0.46101406903286846
2023-09-07 16:42:05.340402,0.0,0.0,0.0,0.0,22.2,0.4831397442548906
2023-09-07 16:42:05.450345,0.0,0.0,0.0,0.0,22.2,0.4273880428479873
2023-09-07 16:42:05.560325,0.0,0.0,0.0,0.0,22.2,0.49714017151402323
2023-09-07 16:42:05.670298,0.0,0.0,0.0,0.0,22.2,0.4436385387737663
2023-09-07 16:42:05.780247,0.0,0.0,0.0,0.0,22.2,0.46501419110690634
2023-09-07 16:42:05.890209,0.0,0.0,0.0,0.0,22.2,0.4745144810327464
2023-09-07 16:42:06.003705,0.0,0.0,0.0,100.0,22.2,0.44313852351451155
2023-09-07 16:42:06.113992,0.0,0.0,0.0,100.0,22.2,0.45826398510696736
2023-09-07 16:42:06.224108,0.0,0.0,0.0,100.0,22.2,0.4826397289956359
2023-09-07 16:42:06.334224,0.0,0.0,0.0,100.0,22.2,0.42588799707022307
2023-09-07 16:42:06.444343,0.0,0.0,0.0,100.0,22.2,0.4965151524399548
2023-09-07 16:42:06.554537,0.0,0.0,0.0,100.0,22.2,0.44813867610705893
2023-09-07 16:42:06.664642,0.0,0.0,0.0,100.0,22.2,0.4478886684774316
2023-09-07 16:42:06.774758,0.0,0.0,0.0,100.0,22.2,0.4870148625141148
2023-09-07 16:42:06.884850,0.0,0.0,0.0,0.0,22.2,0.4323881954405347
2023-09-07 16:42:06.995052,0.0,0.0,0.0,0.0,22.2,0.490514969328898
2023-09-07 16:42:07.105154,0.0,0.0,0.0,0.0,22.2,0.45263881344035156
2023-09-07 16:42:07.215276,0.0,0.0,0.0,0.0,22.2,0.44338853114413895
2023-09-07 16:42:07.325366,0.0,0.0,0.0,0.0,22.2,0.49138999603259376
2023-09-07 16:42:07.435463,0.0,0.0,0.0,0.0,22.2,0.4357632984405042
2023-09-07 16:42:07.545586,0.0,0.0,0.0,0.0,22.2,0.4868898586993011
2023-09-07 16:42:07.655691,0.0,0.0,0.0,0.0,22.2,0.45513888973662525
2023-09-07 16:42:07.765854,0.0,100.0,0.0,0.0,22.2,0.43676332895901365
2023-09-07 16:42:07.875942,0.0,100.0,0.0,0.0,22.2,0.4922650227362896
2023-09-07 16:42:07.986109,0.0,100.0,0.0,0.0,22.2,0.43513827936643573
2023-09-07 16:42:08.096247,0.0,100.0,0.0,0.0,22.2,0.48113968321787165
2023-09-07 16:42:08.212626,0.0,0.0,0.0,100.0,22.2,0.467139255958739
2023-09-07 16:42:08.324701,100.0,0.0,0.0,0.0,22.2,0.48676485488448745
2023-09-07 16:42:08.435215,100.0,0.0,0.0,0.0,22.2,0.43401324503311256
2023-09-07 16:42:08.545872,100.0,0.0,0.0,0.0,22.2,0.4870148625141148
2023-09-07 16:42:08.657977,100.0,0.0,0.0,0.0,22.2,0.48526480910672326
2023-09-07 16:42:08.768406,100.0,0.0,0.0,0.0,22.2,0.43288821069978944
2023-09-07 16:42:08.879052,100.0,0.0,0.0,0.0,22.2,0.48913992736594747
2023-09-07 16:42:08.989495,100.0,0.0,0.0,0.0,22.2,0.45926401562547686
2023-09-07 16:42:09.100006,100.0,0.0,0.0,0.0,22.2,0.43038813440351575
2023-09-07 16:42:09.210201,100.0,0.0,0.0,0.0,22.2,0.4910149845881527
2023-09-07 16:42:09.320215,100.0,0.0,0.0,0.0,22.2,0.43538828699606313
2023-09-07 16:42:09.430190,100.0,0.0,0.0,0.0,22.2,0.48088967558824425
2023-09-07 16:42:09.540176,100.0,0.0,0.0,0.0,22.2,0.4605140537736137
2023-09-07 16:42:09.650191,100.0,0.0,0.0,0.0,22.2,0.43263820307016204
2023-09-07 16:42:09.760177,100.0,0.0,0.0,0.0,22.2,0.49013995788445697
2023-09-07 16:42:09.870195,100.0,0.0,0.0,0.0,22.2,0.4366383251441999
2023-09-07 16:42:09.980178,100.0,0.0,0.0,0.0,22.2,0.481389690847499
2023-09-07 16:42:10.090174,100.0,0.0,0.0,0.0,22.2,0.4550138859218116
2023-09-07 16:42:10.200168,100.0,0.0,0.0,0.0,22.2,0.4348882717368084
2023-09-07 16:42:10.310187,100.0,0.0,0.0,0.0,22.2,0.490514969328898
2023-09-07 16:42:10.420186,100.0,0.0,0.0,0.0,22.2,0.434638264107181
2023-09-07 16:42:10.530180,100.0,0.0,0.0,0.0,22.2,0.48213971373638115
2023-09-07 16:42:10.640191,100.0,0.0,0.0,0.0,22.2,0.4550138859218116
2023-09-07 16:42:10.750191,100.0,0.0,0.0,0.0,22.2,0.4382633747367779
2023-09-07 16:42:10.860227,100.0,0.0,0.0,0.0,22.2,0.4912649922177801
2023-09-07 16:42:10.970189,100.0,0.0,0.0,0.0,22.2,0.43413824884792623
2023-09-07 16:42:11.082204,33.3,0.0,0.0,0.0,22.2,0.47838959929197056
2023-09-07 16:42:11.192939,0.0,0.0,0.0,0.0,22.2,0.4858898281807916
2023-09-07 16:42:11.303032,0.0,0.0,0.0,0.0,22.2,0.4301381267738884
2023-09-07 16:42:11.413154,0.0,0.0,0.0,0.0,22.2,0.4886399121066927
2023-09-07 16:42:11.523212,0.0,0.0,0.0,0.0,22.2,0.44726364940336316
2023-09-07 16:42:11.633298,0.0,0.0,0.0,0.0,22.2,0.4452635883663442
2023-09-07 16:42:11.743387,0.0,0.0,0.0,0.0,22.2,0.4876398815881833
2023-09-07 16:42:11.853475,0.0,0.0,0.0,0.0,22.2,0.4310131534775842
2023-09-07 16:42:11.963567,0.0,0.0,0.0,0.0,22.2,0.4887649159215064
2023-09-07 16:42:12.073726,0.0,0.0,0.0,0.0,22.2,0.4503887447737053
2023-09-07 16:42:12.183836,0.0,0.0,0.0,100.0,22.2,0.43851338236640525
2023-09-07 16:42:12.294005,0.0,0.0,0.0,100.0,22.2,0.4912649922177801
2023-09-07 16:42:12.404127,0.0,0.0,0.0,100.0,22.2,0.434638264107181
2023-09-07 16:42:12.514242,0.0,0.0,0.0,100.0,22.2,0.48326474806970426
2023-09-07 16:42:12.624369,0.0,0.0,0.0,100.0,22.2,0.45563890499588
2023-09-07 16:42:12.734473,0.0,0.0,0.0,100.0,22.2,0.42851307718131043
2023-09-07 16:42:12.844606,0.0,0.0,0.0,100.0,22.2,0.4922650227362896
2023-09-07 16:42:12.954726,0.0,0.0,0.0,100.0,22.2,0.4378883632923368
2023-09-07 16:42:13.064846,0.0,0.0,0.0,0.0,22.2,0.48213971373638115
2023-09-07 16:42:13.174929,0.0,0.0,0.0,0.0,22.2,0.4616390881069369
2023-09-07 16:42:13.285055,0.0,0.0,0.0,0.0,22.2,0.42951310769981993
2023-09-07 16:42:13.395130,0.0,0.0,0.0,0.0,22.2,0.49389007232886745
2023-09-07 16:42:13.505318,0.0,0.0,0.0,0.0,22.2,0.43601330607013156
2023-09-07 16:42:13.615428,0.0,0.0,0.0,0.0,22.2,0.4757645191808832
2023-09-07 16:42:13.731849,0.0,0.0,0.0,0.0,22.3,0.45851399273659477
2023-09-07 16:42:13.843902,100.0,0.0,0.0,100.0,22.3,0.48901492355113374
2023-09-07 16:42:13.954372,100.0,0.0,0.0,100.0,22.3,0.43851338236640525
2023-09-07 16:42:14.065000,100.0,0.0,0.0,0.0,22.3,0.47938962981048006
2023-09-07 16:42:14.175629,100.0,0.0,0.0,0.0,22.3,0.4743894772179327
2023-09-07 16:42:14.286369,100.0,0.0,0.0,0.0,22.3,0.42938810388500626
2023-09-07 16:42:14.397134,100.0,0.0,0.0,0.0,22.4,0.4946400952177496
2023-09-07 16:42:14.507608,100.0,0.0,0.0,0.0,22.4,0.4533888363292337
2023-09-07 16:42:14.618035,100.0,0.0,0.0,0.0,22.4,0.4407634510330516
2023-09-07 16:42:14.728367,100.0,0.0,0.0,0.0,22.4,0.4968901638843959
2023-09-07 16:42:14.838902,100.0,0.0,0.0,0.0,22.4,0.4386383861812189
2023-09-07 16:42:14.949274,100.0,0.0,0.0,0.0,22.4,0.474264473403119
2023-09-07 16:42:15.059648,100.0,0.0,0.0,0.0,22.4,0.47301443525498216
2023-09-07 16:42:15.170134,100.0,0.0,0.0,0.0,22.4,0.42301290932950836
2023-09-07 16:42:15.280271,100.0,0.0,0.0,0.0,22.4,0.495265114291818
2023-09-07 16:42:15.390239,100.0,0.0,0.0,0.0,22.4,0.4420134891811884
2023-09-07 16:42:15.500215,100.0,0.0,0.0,0.0,22.4,0.4665142368846706
2023-09-07 16:42:15.610191,100.0,0.0,0.0,0.0,22.4,0.47163939329203164
2023-09-07 16:42:15.721447,100.0,0.0,0.0,0.0,22.4,0.429888119144261
2023-09-07 16:42:15.831493,100.0,0.0,0.0,0.0,22.4,0.49414007995849485
2023-09-07 16:42:15.941447,100.0,0.0,0.0,0.0,22.4,0.44713864558854943
2023-09-07 16:42:16.051435,100.0,0.0,0.0,0.0,22.4,0.4548888821069979
2023-09-07 16:42:16.166326,100.0,0.0,0.0,0.0,22.4,0.4745144810327464
2023-09-07 16:42:16.276569,100.0,0.0,0.0,0.0,22.4,0.4672642597735527
2023-09-07 16:42:16.386629,100.0,0.0,0.0,0.0,22.4,0.42726303903317364
2023-09-07 16:42:16.496703,100.0,0.0,0.0,0.0,22.4,0.4960151371807001
2023-09-07 16:42:16.606763,100.0,0.0,0.0,0.0,22.4,0.43901339762565994
2023-09-07 16:42:16.716805,100.0,0.0,0.0,0.0,22.4,0.4748894924771874
2023-09-07 16:42:16.826832,100.0,0.0,0.0,0.0,22.4,0.46976433606982637
2023-09-07 16:42:16.936878,100.0,0.0,0.0,0.0,22.4,0.4308881496627705
2023-09-07 16:42:17.046957,100.0,0.0,0.0,0.0,22.4,0.49714017151402323
2023-09-07 16:42:17.156978,100.0,0.0,0.0,0.0,22.4,0.43776335947752315
2023-09-07 16:42:17.267026,100.0,0.0,0.0,0.0,22.4,0.47626453444013794
2023-09-07 16:42:17.377068,100.0,0.0,0.0,0.0,22.4,0.4680142826624348
2023-09-07 16:42:17.487096,100.0,0.0,0.0,0.0,22.4,0.42813806573686947
2023-09-07 16:42:17.597120,100.0,0.0,0.0,0.0,22.4,0.49514011047700435
2023-09-07 16:42:17.707121,100.0,0.0,0.0,0.0,22.4,0.43813837092196417
2023-09-07 16:42:17.817108,100.0,0.0,0.0,0.0,22.4,0.4736394543290506
2023-09-07 16:42:17.927153,100.0,0.0,0.0,0.0,22.4,0.46676424451429793
2023-09-07 16:42:18.037228,100.0,0.0,0.0,0.0,22.4,0.4277630542924284
2023-09-07 16:42:18.147238,100.0,0.0,0.0,0.0,22.4,0.4937650685140538
2023-09-07 16:42:18.257240,100.0,0.0,0.0,0.0,22.4,0.43813837092196417
2023-09-07 16:42:18.367260,100.0,0.0,0.0,0.0,22.4,0.4781395916623432
2023-09-07 16:42:18.477277,100.0,0.0,0.0,0.0,22.4,0.4658892178106021
2023-09-07 16:42:18.587261,100.0,0.0,0.0,0.0,22.4,0.4316381725516526
2023-09-07 16:42:18.697215,100.0,0.0,0.0,0.0,22.4,0.4937650685140538
2023-09-07 16:42:18.807203,100.0,0.0,0.0,0.0,22.4,0.4383883785515916
2023-09-07 16:42:18.917165,100.0,0.0,0.0,0.0,22.4,0.48276473281044957
2023-09-07 16:42:19.027131,100.0,0.0,0.0,0.0,22.4,0.4591390118106632
2023-09-07 16:42:19.137115,100.0,0.0,0.0,0.0,22.4,0.43251319925534837
2023-09-07 16:42:19.253412,100.0,0.0,0.0,100.0,22.5,0.4283880733664968
2023-09-07 16:42:19.365410,0.0,0.0,0.0,0.0,22.5,0.5001402630695517
2023-09-07 16:42:19.475918,0.0,100.0,0.0,0.0,22.5,0.4523888058107242
2023-09-07 16:42:19.586482,0.0,100.0,0.0,0.0,22.5,0.44451356547746207
2023-09-07 16:42:19.696874,0.0,100.0,0.0,0.0,22.5,0.49339005706961275
2023-09-07 16:42:19.807270,0.0,0.0,0.0,0.0,22.5,0.4395134128849147
2023-09-07 16:42:19.917836,0.0,0.0,0.0,0.0,22.5,0.4763895382549516
2023-09-07 16:42:20.028257,0.0,0.0,0.0,0.0,22.5,0.4745144810327464
2023-09-07 16:42:20.138644,0.0,0.0,0.0,0.0,22.5,0.42976311532944733
2023-09-07 16:42:20.249133,0.0,0.0,0.0,0.0,22.5,0.49551512192144537
2023-09-07 16:42:20.359494,0.0,0.0,0.0,0.0,22.5,0.45088876003296
2023-09-07 16:42:20.469861,0.0,0.0,0.0,0.0,22.5,0.44713864558854943
2023-09-07 16:42:20.580263,0.0,0.0,0.0,0.0,22.5,0.49876522110660115
2023-09-07 16:42:20.690913,0.0,0.0,0.0,0.0,22.5,0.44151347392193363
2023-09-07 16:42:20.801432,0.0,0.0,0.0,0.0,22.5,0.47788958403271586
2023-09-07 16:42:20.911810,0.0,0.0,0.0,0.0,22.5,0.4756395153660695
2023-09-07 16:42:21.022301,0.0,0.0,0.0,0.0,22.5,0.4302631305887021
2023-09-07 16:42:21.132893,0.0,0.0,0.0,0.0,22.5,0.495265114291818
2023-09-07 16:42:21.245975,0.0,100.0,0.0,0.0,22.5,0.5095155491805781
2023-09-07 16:42:21.358249,0.0,0.0,0.0,0.0,22.5,0.4386383861812189
2023-09-07 16:42:21.468597,0.0,0.0,0.0,0.0,22.5,0.46788927884762105
2023-09-07 16:42:21.578980,0.0,0.0,0.0,0.0,22.5,0.4721394085512864
2023-09-07 16:42:21.689095,0.0,0.0,0.0,0.0,22.5,0.42551298562578205
2023-09-07 16:42:21.799108,0.0,0.0,0.0,0.0,22.5,0.4950151066621906
2023-09-07 16:42:21.909181,0.0,0.0,0.0,0.0,22.5,0.43988842432935576
2023-09-07 16:42:22.019215,0.0,0.0,0.0,0.0,22.5,0.4686393017365032
2023-09-07 16:42:22.129261,0.0,0.0,0.0,0.0,22.5,0.4738894619586779
2023-09-07 16:42:22.239314,0.0,0.0,0.0,0.0,22.5,0.42576299325540945
2023-09-07 16:42:22.349346,0.0,0.0,0.0,0.0,22.5,0.4956401257362591
2023-09-07 16:42:22.459379,0.0,0.0,0.0,0.0,22.5,0.4426385082552568
2023-09-07 16:42:22.569426,0.0,0.0,0.0,0.0,22.5,0.467139255958739
2023-09-07 16:42:22.679437,0.0,0.0,0.0,0.0,22.5,0.47288943144016843
2023-09-07 16:42:22.790763,0.0,0.0,0.0,0.0,22.5,0.43288821069978944
2023-09-07 16:42:22.900849,0.0,0.0,0.0,0.0,22.5,0.4937650685140538
2023-09-07 16:42:23.010882,0.0,0.0,0.0,0.0,22.5,0.45201379436628314
2023-09-07 16:42:23.121009,0.0,0.0,0.0,0.0,22.5,0.4482636799218726
2023-09-07 16:42:23.231164,0.0,0.0,0.0,0.0,22.5,0.49339005706961275
2023-09-07 16:42:23.341296,0.0,0.0,0.0,0.0,22.5,0.4376383556627094
2023-09-07 16:42:23.451366,0.0,0.0,0.0,0.0,22.5,0.490514969328898
2023-09-07 16:42:23.561374,0.0,0.0,0.0,0.0,22.5,0.4560139164403211
2023-09-07 16:42:23.671396,0.0,0.0,0.0,0.0,22.5,0.44588860744041264
2023-09-07 16:42:23.781432,0.0,0.0,0.0,0.0,22.5,0.4942650837733085
2023-09-07 16:42:23.891435,0.0,0.0,0.0,0.0,22.5,0.4347632679219947
2023-09-07 16:42:24.001455,0.0,0.0,0.0,0.0,22.5,0.4922650227362896
2023-09-07 16:42:24.111495,0.0,0.0,0.0,0.0,22.5,0.45263881344035156
2023-09-07 16:42:24.221541,0.0,0.0,0.0,0.0,22.5,0.4438885464033937
2023-09-07 16:42:24.331578,0.0,0.0,0.0,0.0,22.5,0.49151499984740743
2023-09-07 16:42:24.441599,0.0,0.0,0.0,0.0,22.5,0.4333882259590442
2023-09-07 16:42:24.551604,0.0,0.0,0.0,0.0,22.5,0.49339005706961275
2023-09-07 16:42:24.661628,0.0,0.0,0.0,0.0,22.5,0.4683892941068758
2023-09-07 16:42:24.778229,0.0,0.0,0.0,0.0,22.5,0.4733894466994232
2023-09-07 16:42:24.890213,0.0,0.0,0.0,0.0,22.5,0.4288880886257515
2023-09-07 16:42:25.000488,0.0,0.0,0.0,0.0,22.5,0.5012652974028748
2023-09-07 16:42:25.110776,0.0,0.0,0.0,0.0,22.5,0.44901370281075476
2023-09-07 16:42:25.221236,0.0,0.0,0.0,0.0,22.5,0.45388885158848846
2023-09-07 16:42:25.331545,0.0,0.0,0.0,0.0,22.5,0.4903899655140843
2023-09-07 16:42:25.441842,0.0,0.0,0.0,0.0,22.5,0.437013336588641
2023-09-07 16:42:25.552279,0.0,0.0,0.0,0.0,22.5,0.4860148319956053
2023-09-07 16:42:25.662762,0.0,0.0,0.0,0.0,22.5,0.4661392254402295
2023-09-07 16:42:25.773337,0.0,0.0,0.0,0.0,22.5,0.42788805810724206
2023-09-07 16:42:25.883974,0.0,0.0,0.0,100.0,22.5,0.4988902249214148
2023-09-07 16:42:25.994567,0.0,0.0,100.0,0.0,22.5,0.45113876766258737
2023-09-07 16:42:26.105236,0.0,0.0,100.0,0.0,22.5,0.44213849299600205
2023-09-07 16:42:26.215888,0.0,0.0,0.0,0.0,22.5,0.49589013336588644
2023-09-07 16:42:26.329484,0.0,0.0,0.0,0.0,22.6,0.462389110995819
2023-09-07 16:42:26.440001,0.0,0.0,0.0,0.0,22.6,0.4302631305887021
2023-09-07 16:42:26.550429,0.0,0.0,0.0,0.0,22.6,0.4998902554399243
2023-09-07 16:42:26.660902,0.0,0.0,0.0,0.0,22.6,0.44901370281075476
2023-09-07 16:42:26.771535,0.0,0.0,0.0,0.0,22.6,0.4552638935514389
2023-09-07 16:42:26.881923,0.0,0.0,0.0,0.0,22.6,0.49001495406964324
2023-09-07 16:42:26.992426,0.0,0.0,0.0,0.0,22.6,0.437013336588641
2023-09-07 16:42:27.102991,0.0,0.0,0.0,0.0,22.6,0.4802646565141759
2023-09-07 16:42:27.213474,0.0,0.0,0.0,0.0,22.6,0.46738926358836635
2023-09-07 16:42:27.324027,0.0,0.0,0.0,100.0,22.6,0.42963811151463366
2023-09-07 16:42:27.434590,0.0,0.0,100.0,0.0,22.6,0.49726517532883696
2023-09-07 16:42:27.545182,0.0,0.0,100.0,0.0,22.6,0.4488886989959411
2023-09-07 16:42:27.655688,0.0,0.0,0.0,0.0,22.6,0.4440135502182074
2023-09-07 16:42:27.766234,0.0,0.0,0.0,0.0,22.6,0.4932650532547991
2023-09-07 16:42:27.876772,0.0,0.0,0.0,0.0,22.6,0.4362633136997589
2023-09-07 16:42:27.987133,0.0,0.0,0.0,0.0,22.6,0.47651454206976535
2023-09-07 16:42:28.097575,0.0,0.0,0.0,0.0,22.6,0.4717643971068453
2023-09-07 16:42:28.208033,0.0,0.0,0.0,0.0,22.6,0.42813806573686947
2023-09-07 16:42:28.318304,0.0,0.0,0.0,0.0,22.6,0.49714017151402323
2023-09-07 16:42:28.428515,0.0,0.0,0.0,0.0,22.6,0.4442635578478347
2023-09-07 16:42:28.538713,0.0,0.0,0.0,0.0,22.6,0.4583889889217811
2023-09-07 16:42:28.649042,0.0,0.0,0.0,0.0,22.6,0.4855148167363506
2023-09-07 16:42:28.759258,0.0,0.0,0.0,0.0,22.6,0.43188818018127995
2023-09-07 16:42:28.869474,0.0,0.0,0.0,0.0,22.6,0.49389007232886745
2023-09-07 16:42:28.979715,0.0,0.0,0.0,0.0,22.6,0.45401385540330214
2023-09-07 16:42:29.090035,0.0,0.0,0.0,0.0,22.6,0.4422634968108158
2023-09-07 16:42:29.200345,0.0,0.0,0.0,0.0,22.6,0.49476509903256327
2023-09-07 16:42:29.310580,0.0,0.0,0.0,0.0,22.6,0.4383883785515916
2023-09-07 16:42:29.420794,0.0,0.0,0.0,0.0,22.6,0.4801396526993622
2023-09-07 16:42:29.531121,0.0,0.0,0.0,0.0,22.6,0.47163939329203164
2023-09-07 16:42:29.641402,0.0,0.0,0.0,0.0,22.6,0.4283880733664968
2023-09-07 16:42:29.751583,0.0,0.0,0.0,0.0,22.6,0.4993902401806696
2023-09-07 16:42:29.863143,0.0,0.0,0.0,0.0,22.6,0.4552638935514389
2023-09-07 16:42:29.973583,0.0,0.0,0.0,0.0,22.6,0.43651332132938625
2023-09-07 16:42:30.083954,0.0,0.0,0.0,100.0,22.6,0.49389007232886745
2023-09-07 16:42:30.194351,0.0,0.0,0.0,100.0,22.6,0.439388409070101
2023-09-07 16:42:30.305259,0.0,0.0,0.0,0.0,22.6,0.44376354258858003
2023-09-07 16:42:30.415535,0.0,0.0,0.0,0.0,22.6,0.4605140537736137
2023-09-07 16:42:30.525609,0.0,0.0,0.0,0.0,22.6,0.411262550737022
2023-09-07 16:42:30.635717,0.0,0.0,0.0,0.0,22.6,0.47588952299569687
2023-09-07 16:42:30.745779,0.0,0.0,0.0,0.0,22.6,0.42826306955168314
2023-09-07 16:42:30.855871,0.0,0.0,0.0,0.0,22.6,0.44213849299600205
2023-09-07 16:42:30.965966,0.0,0.0,0.0,0.0,22.6,0.45926401562547686
2023-09-07 16:42:31.076030,0.0,0.0,0.0,0.0,22.6,0.41076253547776725
2023-09-07 16:42:31.186104,0.0,0.0,0.0,0.0,22.6,0.4745144810327464
2023-09-07 16:42:31.296183,0.0,0.0,0.0,0.0,22.6,0.42813806573686947
2023-09-07 16:42:31.408393,0.0,0.0,0.0,0.0,22.6,0.41851277199621567
2023-09-07 16:42:31.518709,0.0,0.0,0.0,0.0,22.6,0.4763895382549516
2023-09-07 16:42:31.628629,0.0,0.0,0.0,0.0,22.6,0.42551298562578205
2023-09-07 16:42:31.738542,0.0,0.0,0.0,0.0,22.6,0.4566389355143895
2023-09-07 16:42:31.848449,0.0,0.0,0.0,0.0,22.6,0.44663863032929474
2023-09-07 16:42:31.958390,0.0,0.0,0.0,0.0,22.6,0.4147626575518052
2023-09-07 16:42:32.068314,0.0,0.0,0.0,0.0,22.6,0.4745144810327464
2023-09-07 16:42:32.178250,0.0,0.0,0.0,0.0,22.6,0.4228879055146947
2023-09-07 16:42:32.288119,0.0,0.0,0.0,0.0,22.6,0.46351414532914215
2023-09-07 16:42:32.398044,0.0,0.0,0.0,0.0,22.6,0.4391384014404736
2023-09-07 16:42:32.507994,0.0,0.0,0.0,0.0,22.6,0.41951280251472517
2023-09-07 16:42:32.617991,8.3,0.0,0.0,0.0,22.6,0.47063936277352214
2023-09-07 16:42:32.727975,9.1,0.0,0.0,0.0,22.6,0.41951280251472517
2023-09-07 16:42:32.837982,9.1,0.0,0.0,0.0,22.6,0.4687643055513169
2023-09-07 16:42:32.948131,8.3,0.0,0.0,0.0,22.6,0.4403884395886105
2023-09-07 16:42:33.058089,0.0,0.0,0.0,0.0,22.6,0.4225128940702536
2023-09-07 16:42:33.168032,0.0,0.0,0.0,0.0,22.6,0.47226441236610006
2023-09-07 16:42:33.278017,0.0,0.0,0.0,0.0,22.6,0.41851277199621567
2023-09-07 16:42:33.388007,0.0,0.0,0.0,0.0,22.6,0.4658892178106021
2023-09-07 16:42:33.498061,0.0,0.0,0.0,0.0,22.6,0.4368883327738273
2023-09-07 16:42:33.607967,0.0,0.0,0.0,0.0,22.6,0.42376293221839045
2023-09-07 16:42:33.717956,8.3,0.0,0.0,0.0,22.6,0.47238941618091373
2023-09-07 16:42:33.827935,9.1,0.0,0.0,0.0,22.6,0.41738773766289256
2023-09-07 16:42:33.937902,9.1,0.0,0.0,0.0,22.6,0.46888930936613055
2023-09-07 16:42:34.047890,9.1,0.0,0.0,0.0,22.6,0.4333882259590442
2023-09-07 16:42:34.157878,8.3,0.0,0.0,0.0,22.6,0.42851307718131043
2023-09-07 16:42:34.267892,9.1,0.0,0.0,0.0,22.6,0.4687643055513169
2023-09-07 16:42:34.377887,9.1,0.0,0.0,0.0,22.6,0.4158876918851283
2023-09-07 16:42:34.487898,8.3,0.0,0.0,0.0,22.6,0.47151438947721797
2023-09-07 16:42:34.597902,9.1,0.0,0.0,0.0,22.6,0.43263820307016204
2023-09-07 16:42:34.707868,9.1,0.0,0.0,0.0,22.6,0.43038813440351575
2023-09-07 16:42:34.817868,9.1,0.0,0.0,0.0,22.6,0.4711393780327769
2023-09-07 16:42:34.928205,16.7,0.0,0.0,0.0,22.6,0.41913779107028415
2023-09-07 16:42:35.038326,0.0,0.0,0.0,0.0,22.6,0.46813928647724845
2023-09-07 16:42:35.148314,0.0,0.0,0.0,0.0,22.6,0.4338882412182989
2023-09-07 16:42:35.258243,0.0,0.0,0.0,0.0,22.6,0.42863808099612416
2023-09-07 16:42:35.368164,0.0,0.0,0.0,0.0,22.6,0.46976433606982637
2023-09-07 16:42:35.478072,0.0,0.0,0.0,0.0,22.6,0.41638770714438306
2023-09-07 16:42:35.588014,0.0,0.0,0.0,0.0,22.6,0.4711393780327769
2023-09-07 16:42:35.697971,8.3,0.0,0.0,0.0,22.6,0.43251319925534837
2023-09-07 16:42:35.813742,9.1,0.0,0.0,0.0,22.6,0.4568889431440169
2023-09-07 16:42:35.925723,0.0,100.0,0.0,0.0,22.6,0.432263191625721
2023-09-07 16:42:36.035986,0.0,100.0,0.0,0.0,22.6,0.48676485488448745
2023-09-07 16:42:36.146031,0.0,100.0,0.0,0.0,22.6,0.4332632221442305
2023-09-07 16:42:36.256083,0.0,100.0,0.0,0.0,22.6,0.47313943906979583
2023-09-07 16:42:36.366124,0.0,100.0,0.0,0.0,22.6,0.4577639698477126
2023-09-07 16:42:36.476218,0.0,100.0,0.0,0.0,22.6,0.42551298562578205
2023-09-07 16:42:36.586420,0.0,100.0,0.0,0.0,22.6,0.49001495406964324
2023-09-07 16:42:36.696423,0.0,100.0,0.0,0.0,22.6,0.43501327555162206
2023-09-07 16:42:36.806417,0.0,100.0,0.0,0.0,22.6,0.4708893704031495
2023-09-07 16:42:36.917796,9.1,0.0,0.0,0.0,22.6,0.47726456495864744
2023-09-07 16:42:37.027958,9.1,0.0,0.0,0.0,22.6,0.4211378521073031
2023-09-07 16:42:37.137934,8.3,0.0,0.0,0.0,22.6,0.48913992736594747
2023-09-07 16:42:37.247900,9.1,0.0,0.0,0.0,22.6,0.44101345866267894
2023-09-07 16:42:37.357869,9.1,0.0,0.0,0.0,22.6,0.4517637867366558
2023-09-07 16:42:37.467813,9.1,0.0,0.0,0.0,22.6,0.4707643665883358
2023-09-07 16:42:37.577748,8.3,0.0,0.0,0.0,22.6,0.42051283303323467
2023-09-07 16:42:37.687703,9.1,0.0,0.0,0.0,22.6,0.49264003418073066
2023-09-07 16:42:37.797583,9.1,0.0,0.0,0.0,22.6,0.4348882717368084
2023-09-07 16:42:37.907482,0.0,0.0,0.0,0.0,22.6,0.4640141605883969
2023-09-07 16:42:38.017363,8.3,0.0,0.0,0.0,22.6,0.4686393017365032
2023-09-07 16:42:38.127312,9.1,0.0,0.0,0.0,22.6,0.4240129398480178
2023-09-07 16:42:38.237255,9.1,0.0,0.0,0.0,22.6,0.48563982055116434
2023-09-07 16:42:38.347175,8.3,0.0,0.0,0.0,22.6,0.43601330607013156
2023-09-07 16:42:38.457097,0.0,100.0,0.0,0.0,22.6,0.47138938566240424
2023-09-07 16:42:38.567054,0.0,100.0,0.0,0.0,22.6,0.46138908047730953
2023-09-07 16:42:38.677032,0.0,100.0,0.0,0.0,22.6,0.42613800469985047
2023-09-07 16:42:38.786992,0.0,100.0,0.0,0.0,22.6,0.48538981292153693
2023-09-07 16:42:38.897042,0.0,100.0,0.0,0.0,22.6,0.4332632221442305
2023-09-07 16:42:39.007011,0.0,100.0,0.0,0.0,22.6,0.47038935514389474
2023-09-07 16:42:39.117038,0.0,100.0,0.0,0.0,22.6,0.46101406903286846
2023-09-07 16:42:39.227015,0.0,100.0,0.0,0.0,22.6,0.4276380504776147
2023-09-07 16:42:39.336967,0.0,100.0,0.0,0.0,22.6,0.4907649769585254
2023-09-07 16:42:39.446929,0.0,100.0,0.0,0.0,22.6,0.4337632374034852
2023-09-07 16:42:39.556900,0.0,100.0,0.0,0.0,22.6,0.47788958403271586
2023-09-07 16:42:39.666850,0.0,100.0,0.0,0.0,22.6,0.4577639698477126
2023-09-07 16:42:39.776812,0.0,100.0,0.0,0.0,22.6,0.43151316873683887
2023-09-07 16:42:39.886761,0.0,100.0,0.0,0.0,22.6,0.4880148930326243
2023-09-07 16:42:39.996797,0.0,100.0,0.0,0.0,22.6,0.4332632221442305
2023-09-07 16:42:40.106816,0.0,100.0,0.0,0.0,22.6,0.48038966032898955
2023-09-07 16:42:40.216836,0.0,100.0,0.0,0.0,22.6,0.45638892788476215
2023-09-07 16:42:40.326828,0.0,100.0,0.0,0.0,22.6,0.42713803521835997
2023-09-07 16:42:40.436808,0.0,100.0,0.0,0.0,22.6,0.4887649159215064
2023-09-07 16:42:40.546744,0.0,100.0,0.0,0.0,22.6,0.4330132145146031
2023-09-07 16:42:40.656716,0.0,100.0,0.0,0.0,22.6,0.4777645802179022
2023-09-07 16:42:40.766739,0.0,100.0,0.0,0.0,22.6,0.45363884395886106
2023-09-07 16:42:40.876689,0.0,100.0,0.0,0.0,22.6,0.4323881954405347
2023-09-07 16:42:40.986671,0.0,100.0,0.0,0.0,22.6,0.4887649159215064
2023-09-07 16:42:41.096705,0.0,100.0,0.0,0.0,22.6,0.43413824884792623
2023-09-07 16:42:41.206670,0.0,100.0,0.0,0.0,22.6,0.4826397289956359
2023-09-07 16:42:41.322846,9.1,0.0,0.0,0.0,22.6,0.471889400921659
2023-09-07 16:42:41.434940,0.0,0.0,100.0,0.0,22.6,0.4795146336252938
2023-09-07 16:42:41.545586,0.0,0.0,100.0,0.0,22.6,0.4242629474776452
2023-09-07 16:42:41.655863,0.0,0.0,0.0,0.0,22.6,0.488514908291879
2023-09-07 16:42:41.765905,0.0,0.0,0.0,0.0,22.6,0.44251350444044313
2023-09-07 16:42:41.875954,0.0,0.0,0.0,0.0,22.6,0.45201379436628314
2023-09-07 16:42:41.985970,0.0,0.0,0.0,0.0,22.6,0.48463979003265484
2023-09-07 16:42:42.096099,0.0,0.0,0.0,0.0,22.6,0.427513046662801
2023-09-07 16:42:42.206151,0.0,0.0,0.0,0.0,22.6,0.4876398815881833
2023-09-07 16:42:42.316373,0.0,0.0,0.0,0.0,22.6,0.44613861507004
2023-09-07 16:42:42.426405,0.0,0.0,0.0,0.0,22.6,0.4420134891811884
2023-09-07 16:42:42.536453,0.0,0.0,0.0,0.0,22.6,0.4831397442548906
2023-09-07 16:42:42.646485,0.0,0.0,0.0,0.0,22.6,0.43113815729239785
2023-09-07 16:42:42.756501,0.0,0.0,0.0,0.0,22.6,0.4831397442548906
2023-09-07 16:42:42.866514,0.0,0.0,0.0,0.0,22.6,0.4452635883663442
2023-09-07 16:42:42.976565,0.0,0.0,0.0,0.0,22.6,0.4378883632923368
2023-09-07 16:42:43.086678,0.0,0.0,0.0,0.0,22.6,0.48576482436597795
2023-09-07 16:42:43.196726,0.0,0.0,0.0,0.0,22.6,0.42976311532944733
2023-09-07 16:42:43.306789,0.0,0.0,0.0,0.0,22.6,0.4800146488845485
2023-09-07 16:42:43.416827,0.0,0.0,0.0,0.0,22.6,0.4507637562181463
2023-09-07 16:42:43.526912,0.0,0.0,0.0,0.0,22.6,0.43613830988494523
2023-09-07 16:42:43.636901,0.0,0.0,0.0,0.0,22.6,0.4823897213660085
2023-09-07 16:42:43.746914,0.0,0.0,0.0,0.0,22.6,0.4277630542924284
2023-09-07 16:42:43.856909,0.0,0.0,0.0,0.0,22.6,0.48538981292153693
2023-09-07 16:42:43.968247,0.0,0.0,0.0,0.0,22.6,0.46213910336619163
2023-09-07 16:42:44.078246,0.0,0.0,0.0,0.0,22.6,0.4250129703665273
2023-09-07 16:42:44.188175,0.0,0.0,0.0,0.0,22.6,0.4921400189214759
2023-09-07 16:42:44.298087,0.0,0.0,0.0,0.0,22.6,0.43438825647755364
2023-09-07 16:42:44.408041,0.0,0.0,0.0,0.0,22.6,0.4751395001068148
2023-09-07 16:42:44.517974,0.0,0.0,0.0,0.0,22.6,0.4612640766624958
2023-09-07 16:42:44.627963,0.0,0.0,0.0,0.0,22.6,0.42976311532944733
2023-09-07 16:42:44.737952,9.1,0.0,0.0,0.0,22.6,0.4880148930326243
2023-09-07 16:42:44.847953,9.1,0.0,0.0,0.0,22.6,0.43401324503311256
2023-09-07 16:42:44.957944,8.3,0.0,0.0,0.0,22.6,0.47613953062532427
2023-09-07 16:42:45.068029,9.1,0.0,0.0,0.0,22.6,0.4581389812921537
2023-09-07 16:42:45.177972,0.0,0.0,0.0,0.0,22.6,0.4301381267738884
2023-09-07 16:42:45.287967,0.0,0.0,0.0,0.0,22.6,0.48901492355113374
2023-09-07 16:42:45.397955,8.3,0.0,0.0,0.0,22.6,0.4347632679219947
2023-09-07 16:42:45.507954,9.1,0.0,0.0,0.0,22.6,0.47863960692159796
2023-09-07 16:42:45.617963,9.1,0.0,0.0,0.0,22.6,0.4557639088106937
2023-09-07 16:42:45.727950,8.3,0.0,0.0,0.0,22.6,0.4333882259590442
2023-09-07 16:42:45.837937,9.1,0.0,0.0,0.0,22.6,0.4920150151066622
2023-09-07 16:42:45.947929,9.1,0.0,0.0,0.0,22.6,0.43526328318124946
2023-09-07 16:42:46.057986,9.1,0.0,0.0,0.0,22.6,0.48088967558824425
2023-09-07 16:42:46.167969,0.0,0.0,0.0,0.0,22.6,0.4558889126255074
2023-09-07 16:42:46.277949,0.0,0.0,0.0,0.0,22.6,0.43613830988494523
2023-09-07 16:42:46.387985,9.1,0.0,0.0,0.0,22.6,0.4895149388103885
2023-09-07 16:42:46.497980,0.0,0.0,0.0,0.0,22.6,0.4330132145146031
2023-09-07 16:42:46.608033,0.0,0.0,0.0,0.0,22.6,0.4872648701437422
2023-09-07 16:42:46.718612,0.0,0.0,0.0,0.0,22.6,0.46138908047730953
2023-09-07 16:42:46.834814,0.0,0.0,0.0,0.0,22.6,0.4817647022919401
2023-09-07 16:42:46.946882,0.0,100.0,0.0,0.0,22.6,0.4302631305887021
2023-09-07 16:42:47.057556,0.0,0.0,0.0,0.0,22.6,0.48426477858821376
2023-09-07 16:42:47.167945,9.1,0.0,0.0,0.0,22.6,0.4587640003662221
2023-09-07 16:42:47.278431,0.0,0.0,0.0,0.0,22.6,0.42476296273689995
2023-09-07 16:42:47.388982,9.1,0.0,0.0,0.0,22.6,0.4936400646992401
2023-09-07 16:42:47.499393,0.0,0.0,0.0,0.0,22.6,0.4416384777367473
2023-09-07 16:42:47.609688,0.0,0.0,0.0,0.0,22.6,0.4593890194402906
2023-09-07 16:42:47.720060,9.1,0.0,0.0,0.0,22.6,0.483764763328959
2023-09-07 16:42:47.830379,0.0,0.0,0.0,0.0,22.6,0.4332632221442305
2023-09-07 16:42:47.940709,0.0,0.0,0.0,0.0,22.6,0.49951524399548325
2023-09-07 16:42:48.051191,8.3,0.0,0.0,0.0,22.6,0.45613892025513475
2023-09-07 16:42:48.161517,0.0,0.0,0.0,0.0,22.6,0.4336382335886715
2023-09-07 16:42:48.271825,0.0,0.0,0.0,0.0,22.6,0.49414007995849485
2023-09-07 16:42:48.382213,9.1,0.0,0.0,0.0,22.6,0.43901339762565994
2023-09-07 16:42:48.492594,8.3,0.0,0.0,0.0,22.6,0.4661392254402295
2023-09-07 16:42:48.602991,9.1,0.0,0.0,0.0,22.6,0.4738894619586779
2023-09-07 16:42:48.713394,9.1,0.0,0.0,0.0,22.6,0.42688802758873257
2023-09-07 16:42:48.823804,8.3,0.0,0.0,0.0,22.6,0.4931400494399854
2023-09-07 16:42:48.934246,0.0,0.0,0.0,0.0,22.6,0.4507637562181463
2023-09-07 16:42:49.044761,0.0,0.0,0.0,0.0,22.6,0.4362633136997589
2023-09-07 16:42:49.155188,0.0,0.0,0.0,0.0,22.6,0.4918900112918485
2023-09-07 16:42:49.265668,0.0,0.0,0.0,0.0,22.6,0.43751335184789575
2023-09-07 16:42:49.376089,0.0,100.0,0.0,0.0,22.6,0.46751426740318003
2023-09-07 16:42:49.486537,0.0,100.0,0.0,0.0,22.6,0.4781395916623432
2023-09-07 16:42:49.597142,8.3,0.0,0.0,0.0,22.6,0.42601300088503674
2023-09-07 16:42:49.707488,9.1,0.0,0.0,0.0,22.6,0.4893899349955748
2023-09-07 16:42:49.817852,9.1,0.0,0.0,0.0,22.6,0.44876369518112735
2023-09-07 16:42:49.928137,0.0,0.0,0.0,0.0,22.6,0.43851338236640525
2023-09-07 16:42:50.038434,0.0,0.0,0.0,0.0,22.6,0.4906399731437117
2023-09-07 16:42:50.148739,0.0,0.0,0.0,0.0,22.6,0.4355132908108768
2023-09-07 16:42:50.259097,0.0,0.0,0.0,0.0,22.6,0.4753895077364421
2023-09-07 16:42:50.369404,0.0,0.0,0.0,0.0,22.6,0.46351414532914215
2023-09-07 16:42:50.479665,0.0,0.0,0.0,0.0,22.6,0.42476296273689995
2023-09-07 16:42:50.590022,9.1,0.0,0.0,0.0,22.6,0.4953901181066317
2023-09-07 16:42:50.700325,0.0,0.0,0.0,0.0,22.6,0.44838868373668633
2023-09-07 16:42:50.810599,0.0,0.0,0.0,0.0,22.6,0.45763896603289894
2023-09-07 16:42:50.920883,0.0,0.0,0.0,0.0,22.6,0.48363975951414534
2023-09-07 16:42:51.032677,9.1,0.0,0.0,0.0,22.6,0.4373883480330821
2023-09-07 16:42:51.143075,9.1,0.0,0.0,0.0,22.6,0.4680142826624348
2023-09-07 16:42:51.253463,8.3,0.0,0.0,0.0,22.6,0.47313943906979583
2023-09-07 16:42:51.363827,9.1,0.0,0.0,0.0,22.6,0.4240129398480178
2023-09-07 16:42:51.474247,0.0,0.0,0.0,0.0,22.6,0.490514969328898
2023-09-07 16:42:51.584689,0.0,0.0,0.0,0.0,22.6,0.4463886226996674
2023-09-07 16:42:51.695206,0.0,0.0,0.0,0.0,22.6,0.4355132908108768
2023-09-07 16:42:51.805715,0.0,100.0,0.0,0.0,22.6,0.48926493118076114
2023-09-07 16:42:51.916157,0.0,100.0,0.0,0.0,22.6,0.43613830988494523
2023-09-07 16:42:52.026687,0.0,100.0,0.0,0.0,22.6,0.4658892178106021
2023-09-07 16:42:52.137081,9.1,0.0,0.0,0.0,22.6,0.4720144047364727
2023-09-07 16:42:52.247402,9.1,0.0,0.0,0.0,22.6,0.4273880428479873
2023-09-07 16:42:52.364044,8.3,0.0,100.0,0.0,22.6,0.43601330607013156
2023-09-07 16:42:52.476191,0.0,0.0,0.0,0.0,22.6,0.4732644428846095
2023-09-07 16:42:52.586809,0.0,0.0,0.0,0.0,22.6,0.4693893246253853
2023-09-07 16:42:52.697215,9.1,0.0,0.0,0.0,22.6,0.4218878749961852
2023-09-07 16:42:52.807555,0.0,0.0,0.0,0.0,22.6,0.49276503799554433
2023-09-07 16:42:52.917907,9.1,0.0,0.0,0.0,22.6,0.4430135196996979
2023-09-07 16:42:53.028343,0.0,0.0,0.0,0.0,22.6,0.44276351207007053
2023-09-07 16:42:53.138683,0.0,0.0,0.0,0.0,22.6,0.48538981292153693
2023-09-07 16:42:53.249092,9.1,0.0,0.0,0.0,22.6,0.434638264107181
2023-09-07 16:42:53.360333,0.0,0.0,0.0,0.0,22.6,0.47151438947721797
2023-09-07 16:42:53.471168,0.0,0.0,0.0,0.0,22.6,0.49151499984740743
2023-09-07 16:42:53.582169,8.3,0.0,0.0,0.0,22.6,0.4391384014404736
2023-09-07 16:42:53.693472,9.1,0.0,0.0,0.0,22.6,0.46313913388470107
2023-09-07 16:42:53.804851,0.0,0.0,100.0,0.0,22.6,0.49514011047700435
2023-09-07 16:42:53.916002,0.0,0.0,0.0,0.0,22.6,0.43926340525528734
2023-09-07 16:42:54.027331,8.3,0.0,0.0,0.0,22.6,0.46663924069948426
2023-09-07 16:42:54.138728,0.0,0.0,0.0,0.0,22.6,0.4883899044770653
2023-09-07 16:42:54.249695,0.0,0.0,0.0,0.0,22.6,0.4453885921811579
2023-09-07 16:42:54.360830,0.0,0.0,0.0,0.0,22.6,0.46751426740318003
2023-09-07 16:42:54.471878,0.0,0.0,0.0,0.0,22.6,0.4946400952177496
2023-09-07 16:42:54.583157,9.1,0.0,0.0,0.0,22.6,0.44138847010712
2023-09-07 16:42:54.694112,9.1,0.0,0.0,0.0,22.6,0.46201409955137795
2023-09-07 16:42:54.805367,0.0,0.0,100.0,0.0,22.6,0.49264003418073066
2023-09-07 16:42:54.916647,0.0,0.0,0.0,0.0,22.6,0.43888839381084627
2023-09-07 16:42:55.028149,9.1,0.0,0.0,0.0,22.6,0.45976403088473156
2023-09-07 16:42:55.139030,9.1,0.0,0.0,0.0,22.6,0.4937650685140538
2023-09-07 16:42:55.250130,9.1,0.0,0.0,0.0,22.6,0.4442635578478347
2023-09-07 16:42:55.361465,8.3,0.0,0.0,0.0,22.6,0.44488857692190314
2023-09-07 16:42:55.472812,9.1,0.0,0.0,0.0,22.6,0.49551512192144537
2023-09-07 16:42:55.583792,9.1,0.0,0.0,0.0,22.6,0.44251350444044313
2023-09-07 16:42:55.694958,0.0,0.0,100.0,0.0,22.6,0.4548888821069979
2023-09-07 16:42:55.806268,0.0,0.0,0.0,0.0,22.6,0.48988995025482956
2023-09-07 16:42:55.917581,9.1,0.0,0.0,0.0,22.6,0.444138554033021
2023-09-07 16:42:56.028507,0.0,0.0,0.0,0.0,22.6,0.4548888821069979
2023-09-07 16:42:56.139522,0.0,0.0,0.0,0.0,22.6,0.49739017914365063
2023-09-07 16:42:56.250727,0.0,0.0,0.0,0.0,22.6,0.44276351207007053
2023-09-07 16:42:56.361740,0.0,0.0,0.0,0.0,22.6,0.4522638019959105
2023-09-07 16:42:56.472977,9.1,0.0,0.0,0.0,22.6,0.49576512955107277
2023-09-07 16:42:56.584123,9.1,0.0,0.0,0.0,22.6,0.44451356547746207
2023-09-07 16:42:56.695471,0.0,0.0,100.0,0.0,22.6,0.4557639088106937
2023-09-07 16:42:56.806516,0.0,0.0,0.0,0.0,22.6,0.49726517532883696
2023-09-07 16:42:56.917809,9.1,0.0,0.0,0.0,22.6,0.44801367229224526
2023-09-07 16:42:57.028837,0.0,0.0,0.0,0.0,22.5,0.45051374858851895
2023-09-07 16:42:57.140121,8.3,0.0,0.0,0.0,22.5,0.5006402783288064
2023-09-07 16:42:57.250991,0.0,0.0,0.0,0.0,22.5,0.4460136112552263
2023-09-07 16:42:57.362141,0.0,0.0,0.0,0.0,22.5,0.45188879055146947
2023-09-07 16:42:57.473405,9.1,0.0,0.0,0.0,22.5,0.4911399884029664
2023-09-07 16:42:57.584727,0.0,0.0,100.0,0.0,22.5,0.44551359599597157
2023-09-07 16:42:57.695667,0.0,0.0,0.0,0.0,22.5,0.44876369518112735
2023-09-07 16:42:57.806782,0.0,0.0,0.0,0.0,22.5,0.49701516769920956
2023-09-07 16:42:57.924787,0.0,0.0,0.0,0.0,22.6,0.4863898434400464
2023-09-07 16:42:58.037061,9.1,0.0,0.0,0.0,23.1,0.4552638935514389
2023-09-07 16:42:58.149773,9.1,0.0,0.0,0.0,23.1,0.427513046662801
2023-09-07 16:42:58.260222,8.3,0.0,0.0,0.0,23.1,0.48363975951414534
2023-09-07 16:42:58.370622,0.0,0.0,0.0,0.0,23.1,0.45801397747734
2023-09-07 16:42:58.481112,9.1,0.0,0.0,0.0,23.1,0.4273880428479873
2023-09-07 16:42:58.591512,0.0,0.0,0.0,0.0,23.1,0.49339005706961275
2023-09-07 16:42:58.701820,0.0,0.0,0.0,0.0,23.1,0.43963841669972836
2023-09-07 16:42:58.812374,9.1,0.0,0.0,0.0,23.2,0.45363884395886106
2023-09-07 16:42:58.922817,9.1,0.0,0.0,0.0,23.2,0.48501480147709586
2023-09-07 16:42:59.033431,9.1,0.0,0.0,0.0,23.2,0.4308881496627705
2023-09-07 16:42:59.143911,8.3,0.0,0.0,100.0,23.2,0.47163939329203164
2023-09-07 16:42:59.255080,0.0,0.0,0.0,0.0,23.2,0.4690143131809443
2023-09-07 16:42:59.365678,0.0,0.0,0.0,0.0,23.2,0.4233879207739494
2023-09-07 16:42:59.476204,0.0,0.0,0.0,0.0,23.2,0.49138999603259376
2023-09-07 16:42:59.587247,9.1,0.0,0.0,0.0,23.2,0.4732644428846095
2023-09-07 16:42:59.698335,0.0,0.0,0.0,0.0,23.2,0.4277630542924284
2023-09-07 16:42:59.809120,9.1,0.0,0.0,0.0,23.2,0.4903899655140843
2023-09-07 16:42:59.919607,0.0,0.0,0.0,0.0,23.2,0.45151377910702845
2023-09-07 16:43:00.030419,0.0,0.0,0.0,0.0,23.2,0.44238850062562945
2023-09-07 16:43:00.141377,9.1,0.0,0.0,0.0,23.2,0.5005152745139928
2023-09-07 16:43:00.252554,9.1,0.0,0.0,0.0,23.2,0.44926371044038205
2023-09-07 16:43:00.363422,8.3,0.0,0.0,100.0,23.2,0.43426325266273996
2023-09-07 16:43:00.475180,0.0,0.0,0.0,0.0,23.2,0.4996402478102969
2023-09-07 16:43:00.586139,0.0,0.0,0.0,0.0,23.2,0.45326383251442
2023-09-07 16:43:00.697045,8.3,0.0,0.0,0.0,23.2,0.43651332132938625
2023-09-07 16:43:00.808093,9.1,0.0,0.0,0.0,23.2,0.5012652974028748
2023-09-07 16:43:00.918912,9.1,0.0,0.0,0.0,23.2,0.44738865321817683
2023-09-07 16:43:01.029716,0.0,0.0,0.0,0.0,23.2,0.4605140537736137
2023-09-07 16:43:01.140779,0.0,0.0,0.0,0.0,23.2,0.502015320291757
2023-09-07 16:43:01.251545,0.0,0.0,0.0,0.0,23.2,0.43851338236640525
2023-09-07 16:43:01.362050,9.1,0.0,0.0,0.0,23.2,0.4682642902920621
2023-09-07 16:43:01.472869,9.1,0.0,0.0,0.0,23.2,0.4878898892178106
2023-09-07 16:43:01.583767,8.3,0.0,0.0,100.0,23.2,0.444138554033021
2023-09-07 16:43:01.695079,0.0,0.0,0.0,0.0,23.2,0.47376445814386425
2023-09-07 16:43:01.806087,0.0,0.0,0.0,0.0,23.2,0.4931400494399854
2023-09-07 16:43:01.917139,9.1,0.0,0.0,0.0,23.2,0.43888839381084627
2023-09-07 16:43:02.028161,0.0,0.0,0.0,0.0,23.2,0.4807646717734306
2023-09-07 16:43:02.138960,9.1,0.0,0.0,0.0,23.2,0.4710143742179632
2023-09-07 16:43:02.249685,0.0,0.0,0.0,0.0,23.2,0.42976311532944733
2023-09-07 16:43:02.360481,0.0,0.0,0.0,0.0,23.2,0.49389007232886745
2023-09-07 16:43:02.471347,8.3,0.0,0.0,0.0,23.2,0.47476448866237375
2023-09-07 16:43:02.582532,9.1,0.0,0.0,0.0,23.2,0.4283880733664968
2023-09-07 16:43:02.693519,9.1,0.0,0.0,100.0,23.2,0.49088998077333906
2023-09-07 16:43:02.804315,0.0,0.0,0.0,100.0,23.2,0.46176409192175055
2023-09-07 16:43:02.915212,0.0,0.0,0.0,0.0,23.2,0.429888119144261
2023-09-07 16:43:03.026093,0.0,0.0,0.0,0.0,23.2,0.5032653584398937
2023-09-07 16:43:03.137366,9.1,0.0,0.0,0.0,23.2,0.45638892788476215
2023-09-07 16:43:03.248227,0.0,0.0,0.0,0.0,23.2,0.4348882717368084
2023-09-07 16:43:03.359051,9.1,0.0,0.0,0.0,23.2,0.5046404004028443
2023-09-07 16:43:03.476534,9.1,100.0,0.0,0.0,23.3,0.4800146488845485
2023-09-07 16:43:03.588638,0.0,0.0,0.0,0.0,24.5,0.46001403851435896
2023-09-07 16:43:03.699078,9.1,0.0,0.0,0.0,24.5,0.4231379131443221
2023-09-07 16:43:03.809439,0.0,0.0,0.0,0.0,24.5,0.4903899655140843
2023-09-07 16:43:03.919861,0.0,0.0,0.0,0.0,24.5,0.44001342814416944
2023-09-07 16:43:04.030323,0.0,0.0,0.0,0.0,24.5,0.4503887447737053
2023-09-07 16:43:04.140680,0.0,0.0,0.0,0.0,24.6,0.483764763328959
2023-09-07 16:43:04.251029,9.1,0.0,0.0,0.0,24.6,0.4300131229590747
2023-09-07 16:43:04.361446,0.0,0.0,0.0,0.0,24.6,0.48188970610675375
2023-09-07 16:43:04.471778,0.0,0.0,0.0,0.0,24.6,0.45863899655140844
2023-09-07 16:43:04.582281,9.1,0.0,0.0,0.0,24.6,0.42238789025543994
2023-09-07 16:43:04.692832,9.1,0.0,0.0,0.0,24.6,0.49276503799554433
2023-09-07 16:43:04.803274,8.3,0.0,0.0,0.0,24.6,0.44726364940336316
2023-09-07 16:43:04.914231,0.0,0.0,0.0,0.0,24.6,0.4418884853663747
2023-09-07 16:43:05.024677,0.0,0.0,0.0,0.0,24.6,0.48426477858821376
2023-09-07 16:43:05.135323,0.0,0.0,0.0,0.0,24.6,0.43351322977385787
2023-09-07 16:43:05.247297,16.7,0.0,0.0,0.0,24.6,0.44876369518112735
2023-09-07 16:43:05.357775,9.1,0.0,0.0,0.0,24.7,0.4841397747734001
2023-09-07 16:43:05.468166,0.0,0.0,0.0,0.0,24.7,0.43251319925534837
2023-09-07 16:43:05.578611,0.0,0.0,0.0,0.0,24.7,0.4757645191808832
2023-09-07 16:43:05.689104,0.0,0.0,0.0,0.0,24.7,0.4587640003662221
2023-09-07 16:43:05.799452,0.0,0.0,0.0,0.0,24.7,0.4242629474776452
2023-09-07 16:43:05.909796,0.0,0.0,0.0,0.0,24.7,0.49164000366222116
2023-09-07 16:43:06.020280,8.3,0.0,0.0,0.0,24.7,0.44476357310708947
2023-09-07 16:43:06.130848,0.0,0.0,0.0,0.0,24.7,0.44813867610705893
2023-09-07 16:43:06.241808,0.0,0.0,0.0,0.0,24.7,0.4937650685140538
2023-09-07 16:43:06.352303,9.1,0.0,0.0,0.0,24.7,0.4380133671071505
2023-09-07 16:43:06.462835,8.3,0.0,0.0,0.0,24.7,0.47476448866237375
2023-09-07 16:43:06.573336,9.1,0.0,0.0,0.0,24.7,0.4800146488845485
2023-09-07 16:43:06.683857,9.1,0.0,0.0,0.0,24.7,0.4292631000701926
2023-09-07 16:43:06.794570,0.0,0.0,0.0,0.0,24.7,0.4872648701437422
2023-09-07 16:43:06.905687,0.0,100.0,0.0,0.0,24.7,0.46201409955137795
2023-09-07 16:43:07.016430,0.0,100.0,0.0,0.0,24.7,0.4276380504776147
2023-09-07 16:43:07.127387,9.1,0.0,0.0,0.0,24.7,0.49714017151402323
2023-09-07 16:43:07.237913,8.3,0.0,0.0,0.0,24.7,0.4523888058107242
2023-09-07 16:43:07.348332,0.0,0.0,0.0,0.0,24.7,0.4462636188848537
2023-09-07 16:43:07.458744,0.0,0.0,0.0,0.0,24.7,0.495265114291818
2023-09-07 16:43:07.569207,0.0,0.0,0.0,0.0,24.7,0.43963841669972836
2023-09-07 16:43:07.679793,0.0,0.0,0.0,0.0,24.7,0.4693893246253853
2023-09-07 16:43:07.790540,0.0,0.0,0.0,0.0,24.7,0.4802646565141759
2023-09-07 16:43:07.901161,9.1,0.0,0.0,0.0,24.7,0.43513827936643573
2023-09-07 16:43:08.011957,0.0,0.0,0.0,0.0,24.7,0.4866398510696738
2023-09-07 16:43:08.122453,8.3,0.0,0.0,0.0,24.7,0.46538920255134736
2023-09-07 16:43:08.233023,9.1,0.0,0.0,0.0,24.7,0.4292631000701926
2023-09-07 16:43:08.343548,9.1,0.0,0.0,0.0,24.7,0.4975151829584643
2023-09-07 16:43:08.454281,0.0,0.0,0.0,0.0,24.7,0.45113876766258737
2023-09-07 16:43:08.565017,0.0,0.0,0.0,0.0,24.7,0.44126346629230634
2023-09-07 16:43:08.675925,0.0,100.0,0.0,0.0,24.7,0.48988995025482956
2023-09-07 16:43:08.786677,0.0,100.0,0.0,0.0,24.7,0.44313852351451155
2023-09-07 16:43:08.897425,8.3,0.0,0.0,0.0,24.7,0.45888900418103584
2023-09-07 16:43:09.014414,9.1,0.0,100.0,0.0,23.0,0.4308881496627705
2023-09-07 16:43:09.126604,0.0,0.0,0.0,0.0,29.8,0.4978901944029054
2023-09-07 16:43:09.237793,8.3,0.0,0.0,0.0,30.0,0.444138554033021
2023-09-07 16:43:09.348187,0.0,0.0,0.0,0.0,30.0,0.4475136570329905
2023-09-07 16:43:09.458616,0.0,0.0,0.0,0.0,30.0,0.4847647938474685
2023-09-07 16:43:09.569107,9.1,0.0,0.0,0.0,30.0,0.43063814203314316
2023-09-07 16:43:09.679556,0.0,0.0,0.0,0.0,30.0,0.47626453444013794
2023-09-07 16:43:09.789844,9.1,0.0,0.0,0.0,30.0,0.4665142368846706
2023-09-07 16:43:09.900356,0.0,0.0,0.0,0.0,30.1,0.42551298562578205
2023-09-07 16:43:10.010812,0.0,0.0,0.0,0.0,30.1,0.49626514481032746
2023-09-07 16:43:10.121291,8.3,0.0,0.0,0.0,30.1,0.4422634968108158
2023-09-07 16:43:10.231643,0.0,0.0,0.0,0.0,30.1,0.44138847010712
2023-09-07 16:43:10.342153,9.1,0.0,0.0,0.0,30.1,0.4862648396252327
2023-09-07 16:43:10.452615,8.3,0.0,0.0,0.0,30.1,0.4333882259590442
2023-09-07 16:43:10.563138,9.1,0.0,0.0,0.0,30.1,0.46601422162541584
2023-09-07 16:43:10.673674,9.1,0.0,0.0,0.0,30.1,0.47051435895870847
2023-09-07 16:43:10.784221,0.0,0.0,0.0,0.0,30.1,0.4202628254036073
2023-09-07 16:43:10.894802,0.0,0.0,100.0,0.0,30.1,0.4851398052919096
2023-09-07 16:43:11.005388,0.0,0.0,100.0,0.0,30.1,0.45113876766258737
2023-09-07 16:43:11.115906,0.0,0.0,0.0,0.0,30.1,0.4288880886257515
2023-09-07 16:43:11.226470,0.0,0.0,0.0,0.0,30.1,0.48576482436597795
2023-09-07 16:43:11.336879,0.0,0.0,0.0,0.0,30.2,0.43776335947752315
2023-09-07 16:43:11.447331,9.1,0.0,0.0,0.0,30.2,0.45951402325510426
2023-09-07 16:43:11.557766,9.1,0.0,0.0,0.0,30.2,0.47726456495864744
2023-09-07 16:43:11.668106,0.0,0.0,0.0,0.0,30.2,0.4211378521073031
2023-09-07 16:43:11.778504,0.0,0.0,0.0,0.0,30.2,0.4922650227362896
2023-09-07 16:43:11.889325,0.0,0.0,0.0,0.0,30.2,0.4531388286996063
2023-09-07 16:43:11.999732,0.0,0.0,0.0,0.0,30.2,0.4273880428479873
2023-09-07 16:43:12.110256,9.1,0.0,0.0,0.0,30.2,0.4887649159215064
2023-09-07 16:43:12.220629,0.0,0.0,0.0,0.0,30.3,0.4397634205145421
2023-09-07 16:43:12.332492,9.1,0.0,0.0,0.0,30.3,0.43276320688497577
2023-09-07 16:43:12.442961,9.1,0.0,0.0,0.0,30.3,0.4847647938474685
2023-09-07 16:43:12.553547,9.1,0.0,0.0,0.0,30.3,0.437013336588641
2023-09-07 16:43:12.664044,0.0,0.0,0.0,0.0,30.3,0.4615140842921232
2023-09-07 16:43:12.774658,0.0,0.0,100.0,0.0,30.3,0.4785146031067843
2023-09-07 16:43:12.885232,0.0,0.0,100.0,0.0,30.3,0.4288880886257515
2023-09-07 16:43:12.995770,0.0,0.0,0.0,0.0,30.3,0.4800146488845485
2023-09-07 16:43:13.106378,0.0,0.0,0.0,0.0,30.3,0.46888930936613055
2023-09-07 16:43:13.216815,0.0,0.0,0.0,0.0,30.3,0.42238789025543994
2023-09-07 16:43:13.327589,9.1,0.0,0.0,0.0,30.3,0.49138999603259376
2023-09-07 16:43:13.438123,0.0,0.0,0.0,0.0,30.3,0.4407634510330516
2023-09-07 16:43:13.548623,0.0,0.0,0.0,0.0,30.3,0.44488857692190314
2023-09-07 16:43:13.659255,0.0,0.0,0.0,0.0,30.3,0.49814020203253273
2023-09-07 16:43:13.770509,0.0,0.0,0.0,0.0,30.3,0.44551359599597157
2023-09-07 16:43:13.881350,9.1,0.0,0.0,0.0,30.3,0.46451417584765164
2023-09-07 16:43:13.991829,0.0,0.0,0.0,0.0,30.3,0.490514969328898
2023-09-07 16:43:14.102361,9.1,0.0,0.0,0.0,30.3,0.4376383556627094
2023-09-07 16:43:14.212965,9.1,0.0,0.0,0.0,30.3,0.4830147404400769
2023-09-07 16:43:14.323532,8.3,0.0,0.0,0.0,30.3,0.4707643665883358
2023-09-07 16:43:14.434098,9.1,0.0,0.0,0.0,30.3,0.42801306192205574
2023-09-07 16:43:14.551540,9.1,0.0,0.0,0.0,24.6,0.45613892025513475
2023-09-07 16:43:14.664071,8.3,0.0,0.0,0.0,29.6,0.45801397747734
2023-09-07 16:43:14.775826,0.0,100.0,0.0,0.0,37.2,0.4965151524399548
2023-09-07 16:43:14.887357,9.1,0.0,0.0,0.0,45.0,0.4482636799218726
2023-09-07 16:43:14.998781,0.0,0.0,0.0,0.0,52.3,0.45976403088473156
2023-09-07 16:43:15.109286,0.0,0.0,0.0,0.0,52.3,0.49839020966216013
2023-09-07 16:43:15.219480,0.0,0.0,0.0,0.0,52.3,0.4310131534775842
2023-09-07 16:43:15.329792,0.0,0.0,0.0,0.0,52.3,0.47963963744010746
2023-09-07 16:43:15.440257,9.1,0.0,0.0,0.0,52.3,0.46213910336619163
2023-09-07 16:43:15.550621,0.0,0.0,0.0,0.0,52.3,0.427513046662801
2023-09-07 16:43:15.661146,9.1,0.0,0.0,0.0,52.3,0.49389007232886745
2023-09-07 16:43:15.771569,0.0,0.0,0.0,0.0,52.3,0.44088845484786526
2023-09-07 16:43:15.882048,9.1,0.0,0.0,0.0,52.4,0.44813867610705893
2023-09-07 16:43:15.992604,8.3,0.0,0.0,0.0,52.4,0.48526480910672326
2023-09-07 16:43:16.103043,9.1,0.0,0.0,0.0,52.4,0.4313881649220252
2023-09-07 16:43:16.213630,9.1,0.0,0.0,0.0,52.4,0.47476448866237375
2023-09-07 16:43:16.324183,0.0,0.0,0.0,0.0,52.4,0.4652641987365337
2023-09-07 16:43:16.434654,0.0,0.0,0.0,0.0,52.4,0.42301290932950836
2023-09-07 16:43:16.545232,0.0,0.0,0.0,0.0,52.5,0.48913992736594747
2023-09-07 16:43:16.655876,0.0,100.0,0.0,0.0,52.5,0.4497637256996368
2023-09-07 16:43:16.766550,0.0,100.0,0.0,0.0,52.5,0.43276320688497577
2023-09-07 16:43:16.877104,8.3,0.0,0.0,0.0,52.5,0.48776488540299695
2023-09-07 16:43:16.987575,0.0,0.0,0.0,0.0,52.5,0.434638264107181
2023-09-07 16:43:17.098030,9.1,0.0,0.0,0.0,52.5,0.4655142063661611
2023-09-07 16:43:17.208354,0.0,0.0,0.0,0.0,52.5,0.4748894924771874
2023-09-07 16:43:17.318735,0.0,0.0,0.0,0.0,52.5,0.4240129398480178
2023-09-07 16:43:17.429133,0.0,0.0,0.0,0.0,52.5,0.4886399121066927
2023-09-07 16:43:17.539487,0.0,0.0,0.0,0.0,52.5,0.44576360362559897
2023-09-07 16:43:17.649776,0.0,0.0,0.0,0.0,52.5,0.4401384319589831
2023-09-07 16:43:17.760242,8.3,0.0,0.0,0.0,52.5,0.49026496169927064
2023-09-07 16:43:17.870622,0.0,0.0,0.0,0.0,52.5,0.4355132908108768
2023-09-07 16:43:17.981100,9.1,0.0,0.0,0.0,52.5,0.4717643971068453
2023-09-07 16:43:18.091465,0.0,0.0,0.0,0.0,52.5,0.4683892941068758
2023-09-07 16:43:18.201736,0.0,0.0,0.0,0.0,52.5,0.4221378826258126
2023-09-07 16:43:18.312219,9.1,0.0,0.0,0.0,52.5,0.48913992736594747
2023-09-07 16:43:18.422663,9.1,0.0,0.0,0.0,52.6,0.4443885616626484
2023-09-07 16:43:18.533076,8.3,0.0,0.0,0.0,52.6,0.43751335184789575
2023-09-07 16:43:18.643563,9.1,0.0,0.0,0.0,52.6,0.4950151066621906
2023-09-07 16:43:18.754948,0.0,0.0,0.0,0.0,52.6,0.44101345866267894
2023-09-07 16:43:18.865623,0.0,0.0,0.0,0.0,52.6,0.45113876766258737
2023-09-07 16:43:18.976290,0.0,100.0,0.0,0.0,52.6,0.4835147556993316
2023-09-07 16:43:19.087087,9.1,0.0,0.0,0.0,52.7,0.4356382946256905
2023-09-07 16:43:19.198106,0.0,0.0,0.0,0.0,52.7,0.4668892483291116
2023-09-07 16:43:19.308442,0.0,0.0,0.0,0.0,52.7,0.4710143742179632
2023-09-07 16:43:19.420276,8.3,0.0,0.0,0.0,52.7,0.4345132602923673
2023-09-07 16:43:19.530632,0.0,0.0,0.0,0.0,52.7,0.47901461836603904
2023-09-07 16:43:19.640919,0.0,0.0,0.0,0.0,52.7,0.4606390575884274
2023-09-07 16:43:19.751491,8.3,0.0,0.0,0.0,52.7,0.42351292458876305
2023-09-07 16:43:19.861780,0.0,0.0,0.0,0.0,52.7,0.4920150151066622
2023-09-07 16:43:19.972215,9.1,0.0,0.0,0.0,52.7,0.44088845484786526
2023-09-07 16:43:20.083263,9.1,0.0,0.0,0.0,52.7,0.44001342814416944
2023-09-07 16:43:20.193760,8.3,0.0,0.0,0.0,22.3,0.4685142979216895
2023-09-07 16:43:20.304134,0.0,0.0,0.0,0.0,22.3,0.42051283303323467
2023-09-07 16:43:20.414196,0.0,0.0,0.0,0.0,22.3,0.4598890346995453
2023-09-07 16:43:20.524322,0.0,0.0,0.0,0.0,22.3,0.43601330607013156
2023-09-07 16:43:20.634366,0.0,0.0,0.0,0.0,22.3,0.4153876766258736
2023-09-07 16:43:20.744429,0.0,0.0,0.0,0.0,22.3,0.4682642902920621
2023-09-07 16:43:20.854444,0.0,0.0,0.0,0.0,22.3,0.41976281014435257
2023-09-07 16:43:20.964546,0.0,0.0,0.0,0.0,22.3,0.45726395458845787
2023-09-07 16:43:21.074660,0.0,0.0,0.0,0.0,22.3,0.44088845484786526
2023-09-07 16:43:21.184738,0.0,0.0,0.0,0.0,22.3,0.4125125888851589
2023-09-07 16:43:21.294774,0.0,0.0,0.0,0.0,22.3,0.4682642902920621
2023-09-07 16:43:21.404845,0.0,0.0,0.0,0.0,22.3,0.41888778344065675
2023-09-07 16:43:21.514920,0.0,0.0,0.0,0.0,22.3,0.45638892788476215
2023-09-07 16:43:21.625005,0.0,0.0,0.0,0.0,22.3,0.4442635578478347
2023-09-07 16:43:21.735045,0.0,0.0,0.0,0.0,22.3,0.4105125278481399
2023-09-07 16:43:21.845120,0.0,0.0,0.0,0.0,22.3,0.47263942381054114
2023-09-07 16:43:21.955216,0.0,0.0,0.0,0.0,22.3,0.420387829218421
2023-09-07 16:43:22.065305,0.0,0.0,0.0,0.0,22.3,0.45288882106997896
2023-09-07 16:43:22.175385,0.0,0.0,0.0,0.0,22.3,0.4477636646626179
2023-09-07 16:43:22.285491,0.0,0.0,0.0,0.0,22.3,0.4105125278481399
2023-09-07 16:43:22.395799,0.0,0.0,0.0,0.0,22.3,0.47688955351420637
2023-09-07 16:43:22.505861,0.0,0.0,0.0,0.0,22.3,0.42201287881099886
2023-09-07 16:43:22.615941,0.0,0.0,0.0,0.0,22.3,0.4432635273293253
2023-09-07 16:43:22.725975,0.0,0.0,0.0,0.0,22.3,0.45276381725516524
2023-09-07 16:43:22.836007,0.0,0.0,0.0,0.0,22.3,0.40938749351481674
2023-09-07 16:43:22.946039,0.0,0.0,0.0,0.0,22.3,0.47051435895870847
2023-09-07 16:43:23.056122,0.0,0.0,0.0,0.0,22.3,0.42551298562578205
2023-09-07 16:43:23.166146,0.0,0.0,0.0,0.0,22.3,0.44213849299600205
2023-09-07 16:43:23.276180,0.0,0.0,0.0,0.0,22.3,0.4548888821069979
2023-09-07 16:43:23.386213,0.0,0.0,0.0,0.0,22.3,0.4090124820703757
2023-09-07 16:43:23.496269,0.0,0.0,0.0,0.0,22.3,0.47138938566240424
2023-09-07 16:43:23.606303,0.0,0.0,0.0,0.0,22.3,0.42301290932950836
2023-09-07 16:43:23.716356,0.0,0.0,0.0,0.0,22.3,0.44238850062562945
2023-09-07 16:43:23.826351,0.0,0.0,0.0,0.0,22.3,0.45401385540330214
2023-09-07 16:43:23.936402,0.0,0.0,0.0,0.0,22.3,0.4090124820703757
2023-09-07 16:43:24.046512,0.0,0.0,0.0,0.0,22.3,0.47263942381054114
2023-09-07 16:43:24.156483,0.0,0.0,0.0,0.0,22.3,0.4236379284035768
2023-09-07 16:43:24.266522,0.0,0.0,0.0,0.0,22.3,0.43851338236640525
2023-09-07 16:43:24.376509,0.0,0.0,0.0,0.0,22.3,0.4550138859218116
2023-09-07 16:43:24.486560,0.0,0.0,0.0,0.0,22.3,0.40838746299630724
2023-09-07 16:43:24.596583,0.0,0.0,0.0,0.0,22.3,0.4736394543290506
2023-09-07 16:43:24.706563,0.0,0.0,0.0,0.0,22.3,0.4248879665517136
2023-09-07 16:43:24.816678,0.0,0.0,0.0,0.0,22.3,0.4407634510330516
2023-09-07 16:43:24.926724,0.0,0.0,0.0,0.0,22.3,0.45863899655140844
2023-09-07 16:43:25.036758,0.0,0.0,0.0,0.0,22.3,0.4098875087740715
2023-09-07 16:43:25.146801,0.0,0.0,0.0,0.0,22.3,0.47163939329203164
2023-09-07 16:43:25.256804,0.0,0.0,0.0,0.0,22.3,0.4248879665517136
2023-09-07 16:43:25.366837,0.0,0.0,0.0,0.0,22.3,0.4378883632923368
2023-09-07 16:43:25.476807,0.0,0.0,0.0,0.0,22.3,0.4557639088106937
