time,current,cpu_cycles_0,insns_0,cache_hit_0,cache_miss_0,br_insns_0,br_miss_0,bus_cycles_0,cpu_cycles_1,insns_1,cache_hit_1,cache_miss_1,br_insns_1,br_miss_1,bus_cycles_1,cpu_cycles_2,insns_2,cache_hit_2,cache_miss_2,br_insns_2,br_miss_2,bus_cycles_2,cpu_cycles_3,insns_3,cache_hit_3,cache_miss_3,br_insns_3,br_miss_3,bus_cycles_3
103090,1.248000,992414,419768,168976,4314,52555,12067,487539,442245,203367,86695,2158,23053,4243,212440,108837,51907,22134,342,5348,901,45669,414939,217501,88419,1778,38918,3503,203250
205127,1.212000,128354,55819,23376,646,5712,1319,55505,89019,43656,17820,342,4449,843,35111,23301,10629,3521,32,702,94,2321,422129,233010,96161,2156,38926,4144,206902
307167,1.196000,36813,17288,6118,66,1577,250,9133,146128,70791,29135,670,7477,1527,63808,22750,10577,3525,29,706,95,2164,384861,216949,89676,1930,36540,3792,188236
409226,1.200000,87749,39862,15596,352,4028,920,34824,123669,61202,24561,492,6529,1286,52514,23831,10755,3612,37,702,98,2301,382191,222871,92438,1854,37081,3644,186916
511274,1.200000,223591,70027,27025,935,6562,1986,102611,76753,36641,14433,236,3716,668,29104,22695,10630,3524,29,707,94,2202,368825,216041,89267,1816,36602,3466,180218
613309,1.240000,217005,93091,38790,1202,9514,2270,99320,79279,38048,14795,235,3928,675,30346,22942,10577,3524,29,706,96,2318,404947,231702,95752,1952,38265,3963,198333
715347,1.200000,33258,15318,5331,68,1313,195,7315,76514,36892,14498,234,3713,644,28910,22582,10573,3524,28,706,96,2106,366346,215242,88790,1815,36578,3482,178951
817372,1.200000,92788,40561,15334,437,4269,1050,37261,100343,48156,18613,319,5163,970,40944,22971,10593,3526,28,706,92,2333,398841,225239,92529,1970,37651,4061,195209
919451,1.196000,39162,18357,6547,83,1701,266,10402,100275,48131,18579,354,4891,954,40132,22460,10576,3521,28,702,91,2134,376009,219036,90562,1772,36668,3628,183757
1021474,1.200000,85058,39334,15815,366,3937,875,33361,75201,36082,14021,193,3677,648,28338,22666,10555,3524,28,706,94,2168,358392,208144,85963,1724,35297,3281,175061
1123503,1.200000,97192,44343,17850,382,4449,895,39397,79970,38571,14748,208,4003,724,30779,22736,10573,3523,28,706,93,2203,399893,232297,95972,1919,38770,3867,195698
1225537,1.180000,81309,37659,15114,361,3765,724,31449,75720,36142,14032,185,3678,634,28580,22631,10573,3525,28,706,92,2165,362427,211942,87413,1732,36423,3399,177008
1327559,1.200000,74278,31484,12047,299,3161,592,27996,77664,37024,14337,204,3817,665,29601,46721,21585,8293,190,1809,442,14264,378112,216180,89046,1942,36384,3771,184914
1429632,1.196000,81727,38392,15203,372,3796,734,31678,96292,46266,18414,264,4923,862,39291,23076,10576,3523,28,702,93,2322,377619,219476,90678,1796,37301,3575,184596
1531662,1.196000,32857,14561,5286,67,1290,178,7130,78691,38165,14850,193,3908,679,30070,22397,10595,3525,29,706,88,2120,361611,212318,87563,1706,36084,3420,176637
1633693,1.200000,83149,38474,15448,329,3879,770,32401,90950,43719,17257,286,4475,883,36305,22703,10576,3526,28,706,91,2190,382741,221444,91521,1816,37098,3703,187179
1735765,1.200000,289812,123461,50314,1161,13967,3274,135719,94423,45310,17778,274,4741,908,38018,41440,19223,6963,100,1689,354,11563,915368,550942,219326,4128,60461,7222,453500
1837869,1.196000,88586,38812,15414,426,3809,856,34917,78871,37009,14277,199,3813,686,30131,22847,10637,3524,28,710,90,2230,383073,218148,89451,1823,37680,3781,187373
1939905,1.196000,33216,15243,5324,64,1301,187,7319,95412,46265,18359,235,4920,884,38934,22535,10567,3520,28,703,92,2124,381308,220936,91307,1769,36968,3796,186488
2041931,1.200000,84145,39415,15643,370,3870,803,32972,74146,35477,13896,176,3593,622,27734,22468,10574,3525,28,706,92,2184,355826,207495,85584,1701,35283,3337,173658
2143960,1.184000,89766,40643,16303,286,4023,837,35695,76095,37031,14261,173,3814,626,28775,22477,10589,3525,29,706,93,2180,398227,231658,95372,1846,39125,3833,194886
2245993,1.200000,32156,15269,5335,58,1308,178,7004,77160,37449,14718,170,3823,657,29342,22352,10559,3523,28,706,93,2094,363664,213111,87976,1733,36223,3478,177652
2348050,1.200000,69809,32246,12392,204,3150,632,25859,76467,36941,14252,192,3813,636,29000,22471,10610,3524,28,706,90,2132,377855,216836,89181,1958,36589,3721,184824
2450087,1.200000,37710,17343,6117,79,1574,236,9667,136135,62454,25105,403,6781,1453,59153,22320,10548,3521,29,702,94,2117,383503,222406,92410,1780,36844,3714,187577
2552272,1.196000,76528,34468,13406,229,3368,678,29158,74359,35489,13903,184,3597,636,27901,22426,10582,3524,28,706,90,2130,364865,210416,86422,1818,35606,3593,178270
2654299,1.200000,32076,15256,5329,54,1313,174,6898,76685,36941,14270,195,3816,652,29148,22432,10559,3524,28,706,90,2189,417249,240695,99452,1942,39566,4229,204423
2756325,1.196000,169216,75823,30514,691,8300,1821,75472,81228,38171,15190,203,3813,716,31402,22535,10622,3523,28,706,91,2160,365246,212371,87774,1729,35909,3548,178509
2858372,1.232000,38906,18565,6631,82,1713,269,10217,77077,36993,14273,190,3815,649,29224,22461,10592,3524,28,706,89,2155,385105,221452,91114,1878,37237,3889,188412
2960403,1.200000,78462,36000,13978,292,3583,778,30149,80259,38727,15016,195,4018,704,30945,69729,29040,10917,238,2755,696,25806,365780,213965,88048,1734,36886,3452,178663
3062431,1.184000,34536,16182,5723,56,1401,210,8155,73703,35459,13893,172,3593,607,27618,22554,10594,3524,28,710,92,2108,363125,213300,88331,1720,35959,3354,177432
3164455,1.196000,132306,62083,25816,535,6370,1290,56961,110672,54657,21491,280,6032,1001,46096,22765,10569,3524,28,710,91,2327,402941,234319,97306,1896,38856,3730,197318
3266483,1.200000,32847,14562,5297,60,1287,181,7104,73799,35505,13912,176,3597,624,27701,22412,10589,3525,28,710,91,2074,362550,213034,88107,1669,36081,3425,177102
3368513,1.200000,77809,34969,14068,320,3454,683,29740,76810,36967,14256,186,3813,648,29137,22580,10610,3526,28,711,90,2154,389856,223887,92015,1924,37602,3844,190799
3470608,1.200000,2170367,1556300,615916,4810,205644,20956,1076010,78933,37923,14625,200,3929,690,30262,22795,10601,3525,28,710,90,2297,402577,220402,90898,1770,37986,3495,197052
3572660,1.200000,91636,36914,14534,454,3615,1025,36457,78087,35527,13905,167,3595,626,29762,22538,10570,3524,28,711,90,2157,371864,212558,87465,1772,36510,3384,181712
3674694,1.196000,32481,15293,5327,61,1313,183,7083,77496,37004,14275,167,3811,639,29465,22318,10590,3523,28,710,91,2067,389483,225562,93515,1837,37204,3755,190509
3776714,1.200000,147887,61998,24883,738,6508,1706,64842,74140,35508,13903,161,3593,598,27716,22604,10588,3524,28,711,89,2180,362339,210600,87156,1774,35401,3358,176927
3878826,1.204000,3574806,2581407,1091435,6487,333066,31055,1778146,124181,57712,22968,326,6195,1038,52919,23189,9877,3475,28,692,86,2272,457620,236838,97187,2015,40349,4018,224657
3980891,1.184000,633248,328586,124661,446,42532,5256,307122,84444,40640,15898,285,4232,726,32985,22899,10565,3524,28,710,93,2359,373255,215567,88828,1825,36802,3471,182432
4082929,1.200000,35437,16194,5723,77,1409,232,8436,73900,35524,13906,204,3594,615,27717,22417,10558,3524,28,710,89,2089,368300,215237,89299,1771,36097,3484,180033
4184960,1.200000,103285,48278,19695,481,4865,1088,42465,76973,36943,14258,204,3811,635,29274,22703,10561,3524,28,710,93,2265,385051,222311,91685,1828,37505,3674,188384
4286986,1.200000,71578,30890,12155,271,2970,642,26613,73051,34949,13856,177,3504,578,27270,22454,10630,3524,29,711,89,2167,361820,212139,87678,1732,35834,3396,176715
4389053,1.196000,80443,37028,14508,304,3672,781,31093,110611,53526,21541,263,5699,978,46045,22640,10574,3524,28,710,93,2227,434039,244734,102042,2175,39429,4340,212869
4491082,1.200000,37367,17404,6145,83,1594,243,9619,135150,60759,24645,411,6490,1306,58337,22483,10562,3524,28,710,91,2155,360912,209981,86980,1755,35404,3370,176266
4593111,1.196000,81974,38594,15624,340,3848,795,31803,75201,35540,13899,240,3604,659,28311,22434,10557,3525,28,710,90,2144,356161,206368,85224,1705,35135,3322,173915
4695144,1.200000,32676,15358,5358,68,1330,181,7195,81226,39275,15208,234,4069,740,31329,22390,10593,3524,28,710,89,2088,385096,224283,93073,1793,37407,3715,188379
4797191,1.200000,190839,80854,33114,934,8421,2042,86287,74322,35472,13899,186,3595,602,27916,22631,10574,3524,28,711,90,2229,381876,218459,89699,1824,37013,3785,186841
4899253,1.184000,39861,18501,6573,88,1717,279,10578,118363,58094,23035,302,6251,1070,49920,22989,10593,3522,35,683,86,1998,404630,232856,96727,1928,37994,4071,198194
5001327,1.220000,80889,38207,15150,335,3755,766,31343,76655,36912,14251,174,3808,645,29032,22626,10592,3523,29,706,90,2163,412191,234379,96953,2024,39032,4038,201918
5103513,1.200000,35330,16178,5735,63,1401,222,8517,77442,37493,14730,184,3818,632,29507,22442,10573,3521,28,702,89,2126,511141,298679,118443,3357,45351,4968,251408
5205544,1.200000,272359,97010,38721,1443,10707,2682,127019,79281,36977,14249,183,3810,647,30308,24262,10567,3522,28,705,92,3051,387925,220749,90681,1854,37599,3745,189752
5307580,1.196000,72088,30531,12180,290,3006,654,26673,80432,38441,15154,219,3910,656,31098,22495,10591,3525,28,706,93,2169,365839,214005,88395,1786,36042,3441,178773
5409651,1.196000,83224,39273,15535,373,3865,779,32329,94573,45037,17850,245,4798,835,38390,22689,10578,3522,29,702,91,2216,392067,223847,92376,1908,37640,3907,191798
5511678,1.200000,32820,14664,5315,63,1304,180,7146,80971,39145,15453,231,4098,694,31201,22522,10586,3523,28,706,89,2132,362813,212423,87617,1684,36154,3445,177226
5613699,1.196000,76712,35393,14118,320,3496,708,29151,74629,35490,13892,193,3595,625,28046,22510,10571,3524,28,706,92,2149,373388,219267,90242,1740,37096,3512,182555
5715733,1.196000,32762,15376,5360,60,1329,176,7205,75859,36906,14256,188,3807,649,28693,22413,10566,3523,28,706,90,2087,387926,224860,93052,1838,37223,3826,189788
5817758,1.184000,135914,59669,23607,584,6377,1568,58913,73662,35463,13899,175,3593,589,27597,22583,10579,3524,28,706,89,2193,357060,208485,85624,1732,35994,3334,174322
5919831,1.200000,33296,14577,5298,71,1295,206,7675,96757,47046,18409,244,4935,870,38923,22453,10543,3521,28,702,89,2140,393835,227227,94056,1865,37558,3894,192818
6021858,1.200000,32196,15377,5365,53,1327,183,6977,76271,36935,14262,178,3805,668,28861,22317,10578,3525,28,706,93,2065,360414,211670,87132,1732,36234,3388,176048
6123900,1.200000,75348,33729,13289,259,3333,704,28421,74304,35529,13905,183,3592,603,27814,22438,10608,3525,28,706,90,2101,387991,226250,93082,1837,38184,3772,189782
6225924,1.196000,51753,24180,9235,154,2269,414,16796,75484,36374,14198,180,3717,624,28424,22479,10582,3524,29,707,89,2178,380131,220902,90948,1797,37282,3656,185903
6327996,1.196000,113051,52559,21515,439,5380,1118,47284,72816,34805,13844,164,3504,564,27192,22551,9875,3475,28,680,88,2092,362797,212088,87268,1763,36312,3465,177261
6430166,1.752000,52598383,26732565,11712653,329098,2579058,304701,26289968,4731795,1501663,582597,12802,161570,28570,2357058,2481451,498694,214821,9897,54512,8823,1231647,2196749,293476,118232,1893,57079,3945,1094184
6532171,2.020000,101314130,34878279,18796338,134699,4036608,212218,50649312,753580,90737,37767,770,9860,2159,365021,32430,10558,3522,31,702,95,3474,1095036,241145,94503,1426,50847,2912,543240
6634134,2.028000,101251923,34927634,18818530,129122,4041196,215431,50617864,764697,94035,38283,639,10089,2061,368332,28380,10744,3767,25,703,94,3328,1418163,280909,113280,1691,53060,3618,704860
6748488,2.904000,113000491,41343218,21471028,178486,4794395,262879,56492265,1856204,152158,63610,1032,16520,3424,917162,837349,25061,9229,247,2238,628,408676,72765842,35601120,13581177,139755,4055710,225645,36378761
6850314,3.016000,99880164,41160584,19825379,210215,4760727,280310,49935887,1897931,96525,39371,554,10359,1958,941700,1156589,9795,3475,26,676,88,571294,100301796,56703361,21656560,186969,6354618,294514,50143856
6952857,2.560000,101801502,91038794,31222411,67290,12768043,88332,50896369,1301075,108578,43474,492,12103,2199,641347,531198,9785,3491,27,701,92,256331,47473183,28766009,11121284,84228,3355150,199118,23729444
7054534,2.616000,101083816,97535262,32667632,43930,13786554,58631,50537687,835451,95333,38549,514,10590,1947,408174,192948,10558,3521,25,701,90,87315,3756949,1354420,466446,5935,192736,22851,1869795
7156218,2.088000,101093565,97323932,32606294,46573,13750968,62324,50542494,705567,95897,39683,626,10442,2047,342700,191944,10550,3520,28,701,91,86802,1046918,314954,106650,1318,44808,5980,514727
7257963,2.088000,101102451,97888181,32780426,45603,13832463,56383,50546957,460208,52422,20999,330,5552,998,220024,192701,10548,3521,25,701,91,87180,292865,20147,7889,190,1805,384,137120
7359593,2.088000,101058112,97705012,32721099,44612,13805610,57030,50524852,624461,64862,26178,411,7023,1361,303107,192481,10592,3519,26,701,93,87039,342981,26558,10359,226,2591,611,161982
7461415,2.096000,101085057,97978814,32810400,40078,13845699,56246,50538310,466175,44100,17695,239,4713,821,223706,192252,9794,3476,26,682,90,87106,193429,9793,3473,33,681,90,87592
7563073,2.092000,101084496,97784395,32748225,40153,13816340,57007,50537972,452590,45475,18237,224,4805,882,216430,192776,10561,3520,25,701,91,87199,193041,10574,3521,36,701,95,87259
7664740,2.092000,101086858,97823775,32759672,44628,13822161,56773,50539150,434995,42963,17187,224,4570,794,208015,192512,10562,3520,26,701,92,87071,359156,26808,9778,216,2635,587,170307
7766414,2.068000,101093198,97849075,32768080,42671,13826954,56606,50542365,477559,52419,20724,308,5539,1097,229284,193112,10564,3520,25,701,91,87368,291917,19744,7492,160,1664,317,136562
7868129,2.088000,101092336,97890570,32781813,41760,13833457,56536,50541850,411023,42211,16695,214,4390,801,195595,193532,10586,3519,27,701,89,87554,379262,37339,15186,279,3534,737,180094
7969781,2.092000,101078295,99155923,33119072,21827,14134145,22213,50534916,405863,50902,20123,259,5380,1049,193195,79668,10538,3520,25,701,91,30703,81271,10589,3522,33,701,91,31220
8071456,2.096000,101085263,99971290,33349702,11503,14308328,5014,50538429,267695,39017,15732,204,4029,763,124274,23527,10574,3522,25,702,89,2690,919484,295155,116416,2095,21401,3629,450635
8173119,2.100000,101083148,100055411,33373780,9752,14321953,3643,50537282,260938,43152,17295,231,4476,773,121035,23251,10557,3520,25,703,90,2567,118445,20016,7485,184,1732,419,49579
8274789,2.104000,101088337,100159402,33407071,9282,14338433,3144,50539957,272993,48423,19489,240,5060,893,126781,23068,10554,3522,25,702,93,2457,110742,20179,7531,129,1745,345,45965
8376405,2.324000,97230106,93266866,31484104,10721,13201412,7906,48610844,302025,45395,18661,218,4729,804,141519,60129,10544,3518,27,701,91,20962,162042,24225,9628,151,2156,352,71766
8477915,2.144000,100945549,31075476,21276340,5115,163290,3335,50468485,119829,44146,17542,213,4675,841,50784,22348,10622,3524,26,706,93,2019,85561,25640,9780,194,2389,496,33579
8579388,1.260000,56983434,17386448,11851565,4176,128260,4608,28487537,104081,44267,17820,241,4563,864,42578,23948,10553,3519,28,701,94,2811,23110,9761,3452,35,680,89,2849
8680827,2.128000,52436999,15711068,11045691,4023,169246,4751,26214316,158156,67979,27351,429,7500,1552,69846,23840,9875,3478,26,682,87,2709,89331,37104,14219,315,3761,927,35591
8782279,2.092000,100934719,29863107,21115204,5244,245974,3719,50463175,103562,45865,18255,239,4787,904,42486,22216,10554,3521,25,702,90,2013,50672,20181,7539,148,1739,337,16038
8883720,1.296000,8526118,2728177,1828446,2195,92033,3497,4258919,86593,37973,15116,210,3804,671,34009,22319,10574,3523,26,702,90,2100,43477,19633,7483,127,1675,280,12511
8985178,2.080000,100579539,27550387,20837728,5923,408933,4842,50285599,100251,44538,17468,228,4733,845,40888,22411,10563,3526,26,706,93,2082,64901,25986,9837,173,2431,492,23210
9086627,1.256000,61289471,17258803,13017505,3860,280657,3483,30640527,102034,42127,16813,186,4317,788,41766,22195,10565,3521,26,702,91,2019,22962,10626,3520,34,703,92,2090
9188083,2.144000,47471047,23495332,19874522,3652,390417,4162,23731409,86264,40716,15924,217,4260,801,33869,22398,10569,3526,26,706,92,2108,42423,19215,6988,117,1682,309,12078
9289530,2.176000,100935193,49267771,41869189,5161,733330,3661,50463439,112680,52070,20913,252,5657,1071,47376,22411,10580,3521,27,702,92,2074,54118,23017,8600,119,2111,394,17859
9390962,1.256000,13875716,6987946,5797290,2490,168567,3902,6933755,83187,37964,15113,189,3809,674,32319,22305,10544,3521,26,702,91,2054,43028,19828,7561,128,1684,280,12274
9492609,2.468000,95819039,9693670,7993046,696131,571878,3763,47905371,395158,49011,19330,230,5296,956,188338,28158,10541,3519,25,701,92,4997,169387,30869,12090,181,2944,538,75471
9594297,2.468000,101109681,10466429,8649497,754184,612167,3202,50550648,415939,46216,18486,214,4837,860,198680,23766,10580,3522,25,702,91,2715,24464,10620,3520,31,703,91,3057
9695980,2.468000,101102417,10462834,8635209,752382,613341,3966,50547004,383406,48545,19609,246,5187,921,182017,24081,10546,3521,25,702,91,2913,219339,28626,10156,174,3427,571,100529
9797882,2.472000,101114179,10318105,8520774,742646,606641,3144,50552885,428732,46380,18548,211,4856,858,204429,23346,10541,3522,25,702,90,2574,154571,20211,7549,149,1738,328,67858
9899494,2.192000,77343129,38566290,30711195,35250,1993921,4166,38667264,202832,51555,20582,272,5573,1065,92132,22590,10556,3521,26,702,93,2180,46434,20237,7518,124,1762,295,13900
10000967,2.184000,54488420,28713961,22800900,4320,1501725,5315,27240036,91128,41136,16102,216,4313,827,36331,22473,10562,3522,29,702,89,2181,61264,25757,9778,174,2385,443,21347
10102414,2.224000,65214676,38031077,27623412,4535,2625980,4478,32603139,104513,47104,18820,241,4927,878,43004,22450,10567,3521,27,702,92,2120,62020,27752,10789,180,2771,510,21758
10203862,2.236000,67167668,41785611,27747305,4571,3533575,4287,33579678,98417,44626,17475,210,4747,881,39984,22282,10557,3521,26,702,92,2070,43988,18988,7304,120,1657,310,12651
10305308,2.232000,63620902,39906200,26488203,4789,3377316,5173,31806252,103673,47415,19215,242,4900,905,42531,22306,9863,3466,27,680,86,1949,45037,19733,7521,135,1691,291,13255
10406753,1.260000,60456135,50795378,25352189,4979,6382750,5420,30223922,108626,52349,20407,243,5751,1071,45029,22558,9876,3479,27,684,88,2072,42823,19596,7472,122,1685,256,12322
10508204,1.260000,62381094,51783774,25844330,5517,6505571,6343,31186403,116421,54068,21419,255,6023,1080,48920,22597,10594,3524,26,706,90,2181,62670,26139,9967,158,2452,469,22160
10609748,1.736000,65038751,36146902,19270593,7330,4860367,13002,32515212,112754,53167,20785,238,5855,1029,47111,23527,10572,3522,26,702,90,2671,60212,20148,7512,133,1749,316,20933
10711343,1.840000,66921662,8501874,7446727,11622,1902338,24637,33456626,246768,84154,33816,458,9309,1871,113980,25278,10584,3524,28,706,90,3546,28117,10582,3523,36,710,89,4845
10812954,1.784000,66099833,8494827,7456366,11316,1905106,22611,33045648,157712,58686,23052,289,6505,1161,69410,25163,9876,3480,26,681,87,3336,58852,19329,7040,114,1699,281,20344
10914569,1.260000,66297388,22430701,18963658,443932,1378395,6460,33144486,220373,43444,16921,209,4593,861,100792,23554,10591,3525,26,706,91,2679,90310,20143,7506,125,1743,281,35960
11016170,2.640000,57750653,21395058,17993597,444878,1135688,5199,28871026,107611,40361,15926,210,4197,724,44607,23589,10605,3524,26,706,91,2642,63913,25309,9883,173,2426,455,23188
11117796,2.500000,35149219,24346113,15521154,15070,2740995,4521,17570350,116217,39679,15436,206,4129,760,48736,28614,10566,3519,26,705,94,5179,106897,20140,7498,133,1743,306,44262
11219457,2.480000,101051280,70410120,45080777,37555,7851023,3229,50521436,279355,49710,19620,266,5267,1031,130238,22943,10565,3521,25,702,90,2362,24115,10595,3522,34,702,91,2891
11321063,1.252000,84535838,58803756,37626977,31691,6563041,3836,42263660,231268,41566,17025,216,4305,786,106237,22900,10557,3522,26,702,93,2366,88227,20198,7557,134,1750,283,35062
11422954,2.048000,84097440,42601250,45926312,105705,1558318,48187,42044466,988440,75530,31271,454,8027,1559,484794,655717,10571,3523,28,705,90,318786,714028,20102,7494,131,1740,268,347884
11524544,1.616000,70513611,47164460,17095739,203430,4670337,237344,35252524,4251477,79170,32186,513,8536,1697,2116418,3872932,10556,3519,25,701,93,1927396,3951972,32964,12751,201,3218,572,1966902
11626202,1.260000,4958861,2502832,887040,18361,343298,35353,2475222,378502,98798,40553,509,10998,1924,179848,2570513,1078102,394161,6888,117701,19978,1276139,187569,20093,7478,152,1744,298,84713
11727665,1.284000,588066,371197,142793,2103,82804,4515,289703,92628,42265,16830,282,4271,861,36957,21841,9756,3451,30,679,93,1996,22740,10577,3522,35,702,93,2194
11829119,1.256000,541147,362310,140270,1916,81237,3924,266348,99922,48667,19280,347,5067,938,40640,22459,10595,3523,26,702,91,2068,43676,19771,7529,127,1683,284,12689
11930544,1.256000,526415,356587,137591,1895,80412,3824,259079,80106,39003,15058,232,4234,728,30814,22428,10586,3526,26,706,93,2070,37349,17406,6189,101,1489,272,9564
12032091,1.256000,1118183,537978,210210,4448,103594,10103,554925,147198,69247,27670,442,7471,1342,64380,22873,10568,3523,26,705,93,2303,62338,28056,10750,180,2666,495,21988
12133693,1.220000,719334,404315,157365,2580,86085,5856,355436,74539,35428,13892,168,3589,612,28086,22623,10572,3523,28,702,90,2155,47363,20918,7689,143,1840,340,14426
12235672,1.212000,525560,352621,136049,1950,79629,3981,258560,78947,37691,14521,190,3897,680,30261,22347,10601,3524,28,706,91,2065,22520,10566,3523,42,710,90,2122
12337712,1.204000,547110,364380,141023,2068,81000,4151,269333,74681,35500,13913,176,3596,626,28067,22420,10562,3523,28,706,90,2124,42377,20059,7685,129,1723,285,12088
12439756,1.196000,506854,347557,134128,1649,79413,3481,249247,92877,45202,17396,217,4931,863,37153,84837,33629,13173,396,3207,873,33300,37182,17341,6198,101,1484,266,9410
12541760,1.204000,572380,377229,145952,2100,82949,4466,282051,76953,36893,14268,197,3812,692,29239,23410,10607,3524,30,706,95,2376,57170,26070,9931,176,2448,461,19478
12643792,1.204000,504015,345359,133084,1803,78879,3515,247901,74946,35797,14211,177,3616,627,28189,22451,10577,3524,28,707,93,2108,42885,19696,7564,135,1759,305,12158
12745821,1.208000,530035,357939,138065,1932,80233,3860,260806,75026,36365,14223,190,3720,625,28257,22319,10576,3523,28,706,92,2027,22699,10611,3526,35,710,92,2118
12847898,1.200000,526532,353137,136313,1988,79468,3840,259033,108250,51534,20838,337,5403,1163,44922,22367,10563,3524,28,707,91,2085,42674,20557,7667,129,1797,305,12141
12949929,1.204000,512305,351989,135646,1788,80535,3510,251934,95414,45795,17840,263,4794,890,38166,22426,10572,3521,29,702,92,2059,36898,17442,6206,98,1486,276,9223
13051957,1.204000,522985,353446,136089,1964,80230,3837,257366,76591,36968,14259,175,3814,668,28944,22502,10584,3525,28,706,94,2099,55236,26081,9943,183,2445,439,18466
13153996,1.196000,579975,380002,147938,2141,83195,4445,285810,112102,54367,21473,296,5774,1053,46812,60770,26815,10322,246,2303,513,21315,43566,20228,7511,148,1766,298,12561
13256031,1.204000,557054,364961,141035,2172,81372,4205,274350,78652,37943,15114,200,3814,689,30039,22612,10645,3524,28,706,91,2080,22666,10597,3527,35,707,91,2230
13358098,1.192000,501989,343207,132146,1824,78622,3465,246802,76287,36941,14269,179,3815,648,28950,22433,10593,3523,28,706,90,2091,41978,20034,7685,116,1716,281,11922
13460118,1.200000,533439,359670,139122,1973,80823,3893,262558,94481,45736,17842,244,4795,842,37865,22426,10556,3521,28,702,90,2129,23085,10600,3520,36,702,89,2320
13562138,1.200000,531286,359072,138871,1886,80522,3911,261469,73723,34714,13863,179,3576,584,27478,22551,10566,3528,28,706,91,2134,55094,26054,9933,162,2451,442,18473
13664349,1.204000,630594,386243,149165,2345,82979,4748,311188,84278,36973,14278,185,3813,641,32896,30792,10568,3521,28,705,92,6338,50988,20296,7528,126,1777,304,16255
13766375,1.200000,521364,353726,136002,1938,80143,3770,256565,74649,35427,13898,187,3594,571,28181,22525,10620,3524,28,706,92,2127,22765,10634,3524,37,710,90,2206
13868398,1.204000,535286,360236,139380,2107,80415,3990,263500,75911,36904,14258,181,3811,628,28773,22466,10574,3524,28,706,91,2112,55510,26591,10241,147,2461,439,18661
13970423,1.200000,503629,346663,133675,1827,79167,3501,247629,77538,37685,14513,189,3891,685,29567,22293,10580,3524,28,706,91,2047,22785,10650,3523,35,710,89,2158
14072447,1.192000,535578,361715,139990,2032,80659,3945,263660,73654,35490,13899,172,3593,613,27536,22331,9874,3459,28,683,87,1957,54984,26049,9931,167,2451,443,18409
14174484,1.248000,566179,375831,146022,2080,82641,4375,278906,76047,36943,14266,180,3812,627,28803,22536,10616,3524,28,706,93,2129,42453,20233,7512,134,1766,291,12067
14276508,1.188000,537605,362712,140782,1961,80540,3929,264601,73570,35494,13914,167,3598,578,27556,22572,10585,3524,28,706,91,2124,22648,10606,3523,36,706,89,2161
14378534,1.200000,496951,341100,131325,1760,78087,3433,244306,76595,37040,14277,172,3813,628,29040,22382,10564,3524,28,706,94,2082,43994,21453,8015,129,1922,335,12903
14480674,1.200000,2941060,1970383,778760,8282,292548,27585,1466357,89701,40651,15703,210,4283,753,35660,52782,20261,7527,153,1810,377,17315,26510,10592,3522,38,709,89,4162
14582880,1.204000,525676,346889,133539,1897,79461,3800,258507,78341,34792,13841,165,3503,588,30017,22438,10635,3524,31,706,91,2076,59042,26013,9932,169,2454,439,20457
14684915,1.200000,573178,370172,143628,2063,81698,4453,282382,75330,35437,13840,151,3985,620,28356,22324,9874,3478,28,683,87,1957,43779,20040,7502,140,1736,301,12679
14787031,1.300000,3533388,2522337,1049311,8723,361264,31039,1762491,146136,63753,25749,304,6906,1155,63809,62034,24655,9410,214,2272,431,21855,29537,10583,3521,38,705,91,5593
14889149,1.204000,1290181,741664,285594,2487,129799,10423,640943,163704,72999,29937,426,7904,1515,72610,22997,10590,3522,28,702,90,2404,58489,26144,10052,157,2427,441,20036
14991191,1.264000,551569,364091,140393,1926,80200,4164,271543,77816,36995,14274,220,3789,663,29480,22236,10601,3524,28,706,91,2061,22704,10642,3522,39,710,89,2215
15093229,1.200000,545887,364872,141100,1991,80955,4149,268726,73950,35475,13899,186,3594,598,27752,22437,10566,3525,28,706,93,2098,56696,26075,9924,170,2451,454,19316
15195264,1.220000,582973,375276,145780,2109,82391,4508,287347,78898,37413,14666,191,3935,695,30204,22515,10600,3522,28,706,91,2114,43202,20207,7508,152,1751,289,12341
15297293,1.204000,540383,362521,140459,2016,80508,4020,266019,76509,36707,14369,192,3739,629,29021,22441,10580,3526,28,706,92,2111,22520,10604,3523,35,706,89,2117
15399365,1.196000,539213,360906,139977,2048,80441,4058,265367,117905,57164,22819,269,6252,1101,49647,22402,10546,3522,28,702,92,2061,53653,26079,10039,145,2429,429,17733
15501389,1.204000,534067,360043,139475,1972,80310,3917,262851,75944,36901,14264,187,3812,631,28745,22276,10569,3524,28,706,93,2046,22868,10580,3523,38,710,90,2257
15603420,1.200000,503960,344912,132638,1886,78861,3485,247823,73669,35446,13916,198,3597,584,27627,22395,9876,3479,29,681,87,1977,58997,28014,10755,190,2682,492,20395
15705443,1.204000,580547,382051,147717,2195,83489,4660,286086,75928,36889,14259,171,3808,637,28735,22332,10600,3525,28,706,90,2084,43276,20241,7524,131,1771,311,12426
15807493,1.200000,679038,411540,161012,2616,86617,5680,335323,78373,37433,14722,185,3822,632,29978,22600,10556,3524,28,706,90,2231,354429,149166,59321,1421,13018,2901,168012
15909577,1.196000,584988,383875,149104,2266,83918,4557,288241,96897,47018,18393,248,4935,848,39029,22587,10574,3523,29,702,92,2157,58675,26925,10151,221,2520,592,19971
16011605,1.200000,503640,345674,133082,1793,79167,3468,247584,80244,39027,15089,197,4036,703,30830,22254,10555,3523,28,706,92,2074,22887,10644,3524,38,711,91,2207
16113633,1.244000,537213,361184,139633,1986,80729,3900,264330,74232,35469,13899,183,3595,592,27918,22416,9878,3480,28,683,86,1995,75487,34892,13471,296,3487,780,28615
16215662,1.200000,568822,377021,146716,2069,82744,4392,280161,76533,36935,14253,195,3809,628,28992,22391,10578,3526,28,706,93,2108,23395,10607,3523,41,710,92,2403
16317692,1.204000,493579,340214,130924,1762,78135,3351,242620,75564,36377,14255,193,3707,637,28494,22403,10588,3524,28,706,92,2053,22831,10563,3523,38,710,93,2207
16419807,1.200000,512418,350386,135547,1775,79427,3534,252020,92666,44241,17709,252,4683,827,37497,22590,10574,3521,28,702,90,2129,53795,25714,9737,172,2414,487,17729
16521838,1.200000,692369,460816,176889,3428,92251,5138,342084,109354,53061,21502,265,5630,937,45457,22402,10563,3524,28,706,91,2141,23141,10579,3524,38,710,89,2325
16623874,1.200000,523122,350996,135235,1997,79507,3848,257438,73245,34849,13853,170,3505,571,27359,22379,10574,3524,28,706,89,2145,76288,35891,14029,263,3530,686,28934
16725901,1.200000,549854,368027,142383,1958,81718,4126,270819,74474,35831,14145,187,3637,592,28026,22499,10613,3524,28,706,92,2107,46897,20784,7390,123,1984,437,14286
16827972,1.200000,524708,353305,136077,1918,80011,3849,258216,87720,41639,16821,250,4169,751,34600,22374,9876,3480,28,683,87,1977,22833,10631,3525,34,710,92,2175
16930002,1.200000,517957,351942,135670,1819,80245,3622,254772,151938,69160,28157,530,7350,1473,66584,22587,10544,3521,28,702,91,2158,57469,26644,10245,201,2466,484,19561
17032034,1.200000,525690,354350,136668,1987,80142,3843,258688,79967,37944,14620,266,3933,773,30654,22420,10561,3524,28,706,92,2089,22955,10647,3525,37,710,90,2227
17134207,1.200000,505704,343800,132288,1860,78769,3536,248700,74773,35464,13898,192,3596,654,28060,22389,10556,3525,28,706,94,2103,72806,33704,12775,270,3348,676,27183
17236228,1.200000,517332,350116,135003,1876,79395,3738,254427,77119,37033,14284,184,3817,686,29262,22331,10574,3524,28,706,90,2084,22944,10638,3525,35,711,93,2200
17338287,1.200000,551613,364273,141127,2034,81046,4265,271587,73881,35461,13896,170,3598,615,27735,22305,10579,3524,28,706,92,2063,22604,10567,3524,35,710,91,2200
17440315,1.200000,540763,361875,140111,2062,80941,4087,266159,92019,44332,17576,261,4707,832,37115,22390,10555,3521,28,702,90,2129,54580,26355,9818,169,2507,486,18197
17542376,1.200000,673900,411278,159156,2481,87339,5282,332794,78242,37272,14418,173,3863,680,29876,705711,290948,115232,3186,31811,7775,343779,23624,10648,3524,33,710,92,2561
17644430,1.200000,638275,403172,156334,2394,86038,5325,314998,76132,35507,13920,172,3596,615,28822,47845,21044,7474,160,1983,509,14482,87871,40782,15754,331,4153,921,34799
17746472,1.200000,542262,362631,140400,1961,81072,3935,266976,77366,37051,14275,185,3812,648,29439,67987,31007,12180,323,2935,719,24774,23579,10607,3523,38,710,91,2433
17848512,1.200000,542175,364825,141060,2011,81437,3970,266919,74157,35527,13914,180,3594,603,27878,22933,10615,3525,30,710,94,2202,22627,10611,3521,33,710,91,2098
17950540,1.200000,502383,344562,132449,1781,79047,3493,247010,78884,38032,14664,181,3940,682,30137,22480,10629,3525,28,710,95,2124,61495,30114,11615,210,2866,511,21585
18052565,1.200000,538107,363376,140698,1924,80937,3924,264905,73195,35450,13904,175,3595,592,27396,22398,10575,3525,28,710,90,2082,23013,10592,3523,47,710,90,2223
18154599,1.200000,502251,343741,132175,1875,78650,3439,246952,77712,37395,14340,193,3863,658,29764,22377,10567,3524,28,710,90,2113,68679,32354,12599,236,3165,614,25233
18256628,1.204000,542969,365072,141272,1950,81261,4023,267361,73435,35463,13895,169,3596,579,27455,22522,10601,3524,28,710,89,2179,22905,10632,3524,35,710,91,2188
18358656,1.236000,553366,364938,141403,2042,80973,4333,272548,77117,37073,14303,180,3815,661,29309,22379,10642,3524,28,710,90,2087,39703,18922,7038,111,1643,258,10701
18460691,1.196000,540725,363251,140755,1988,80581,4046,266195,77521,37585,14504,176,3893,670,29541,22363,10559,3523,28,710,91,2122,42693,20382,7592,115,1796,296,12186
18562711,1.196000,496846,342403,131723,1773,78705,3373,244281,73010,35439,13896,157,3595,578,27264,22130,10594,3522,28,710,89,2018,22559,10586,3523,39,711,90,2093
18664742,1.220000,545001,364606,141131,2046,80899,4128,268361,76120,36896,14255,178,3811,635,28822,22693,10564,3524,28,711,90,2157,69792,32924,12648,235,3262,642,25771
18766770,1.200000,550251,367077,141735,1967,81574,4186,270889,76528,36693,14374,188,3736,644,29001,22485,10566,3524,28,710,91,2130,22696,10605,3523,37,710,89,2138
18868793,1.204000,539473,361989,140142,1987,80235,3998,265522,75879,36952,14273,172,3810,623,28769,22372,10586,3525,28,710,90,2135,42755,20453,7621,140,1797,305,12215
18970827,1.200000,502470,344445,132772,1832,78684,3477,247022,78414,37874,14624,191,3920,676,29953,22241,10556,3524,28,710,91,2108,42538,19670,7544,130,1769,291,11972
19072860,1.196000,543429,363344,140875,1989,80677,4061,267529,106542,47678,19234,320,4943,1023,44068,22452,10575,3524,28,710,90,2096,22861,10611,3524,38,710,90,2228
19174891,1.200000,499647,343291,131872,1791,78738,3497,245637,77331,36200,14214,223,3787,664,29330,22451,10582,3524,28,711,89,2162,72077,34211,13382,243,3380,636,26908
19276910,1.188000,536903,361913,140316,1859,80561,3926,264315,73676,35499,13907,177,3598,626,27549,22287,10600,3524,28,710,90,2058,22642,10578,3524,33,706,91,2175
19378962,1.200000,572111,377301,147192,2134,82091,4408,281933,85764,41845,16202,210,4411,758,33591,22357,10566,3525,29,710,90,2076,42800,20479,7610,134,1797,304,12247
19480990,1.196000,540727,362038,140362,1962,80403,4069,266244,76586,36918,14256,170,3814,672,29118,22269,10586,3524,28,710,89,2086,42331,20385,7587,125,1796,300,12008
19583129,1.200000,499759,342076,131663,1800,78641,3444,245639,75033,36152,14139,179,3676,613,28322,22308,10595,3523,28,711,90,2084,22585,10592,3524,37,710,91,2164
19685152,1.240000,549251,367856,141616,2011,81484,4293,270476,76460,36812,14236,183,3804,654,29101,22585,10587,3524,28,711,90,2230,67031,32015,12235,217,3473,623,24396
19787185,1.204000,503728,345727,132971,1781,79203,3502,247680,73937,35463,13910,177,3593,600,27692,22409,10601,3523,28,710,89,2079,22666,10602,3522,35,706,92,2150
19889229,1.200000,576624,376166,145930,2280,82261,4613,284149,117716,57167,22828,270,6255,1090,49563,22509,10586,3526,28,710,91,2167,42866,20477,7613,127,1791,320,12248
19991263,1.200000,504788,345852,133102,1826,79153,3454,248181,76329,36936,14263,191,3808,648,28878,22256,10583,3524,28,711,89,2034,42392,20452,7592,115,1793,311,12004
20093292,1.200000,498498,343902,132211,1773,78877,3407,245109,73096,34736,13840,171,3571,572,27233,22267,10562,3524,28,710,89,2036,22540,10559,3524,38,710,90,2124
20195317,1.188000,521925,352238,135675,1913,79573,3832,256769,76088,36917,14252,184,3811,629,28813,22478,10584,3525,28,710,90,2119,56763,26905,10236,169,2566,487,19252
20297347,1.196000,503460,345872,133265,1787,78922,3457,247609,73103,35432,13896,165,3595,572,27296,22332,10555,3524,28,710,91,2086,22789,10635,3524,37,706,94,2123
20399425,1.192000,619863,398109,155950,2513,84561,5102,305764,117200,57762,22864,283,6273,1072,49421,22638,10599,3521,28,702,89,2125,47493,22981,8545,127,2120,399,14555
20501456,1.200000,500997,343426,132177,1743,78550,3492,246309,76530,36898,14260,187,3808,653,28987,22308,10592,3523,28,706,90,2071,42481,20407,7589,125,1792,293,11992
20603483,1.204000,522819,352584,136010,1955,79743,3814,257249,73263,35402,13894,171,3595,571,27440,22235,10573,3524,29,706,92,2033,22668,10602,3524,37,710,91,2162
20705510,1.200000,501661,343894,131996,1765,79007,3478,246642,75877,36888,14257,186,3807,607,28724,22305,9875,3466,29,682,85,2007,67508,32500,12665,198,3174,583,24648
20807530,1.200000,541944,362457,139269,2033,81120,4167,266817,73516,35520,13923,173,3592,588,27468,22358,10560,3524,28,707,90,2080,22709,10650,3522,34,706,90,2138
20909607,1.244000,581871,380423,148184,2370,82957,4569,276161,92257,44560,17562,253,4624,765,36803,22385,10629,3522,28,702,91,2079,47607,23346,8651,130,2293,376,14662
21011641,1.200000,523038,352398,136077,1972,79477,3745,257380,75018,36393,14224,171,3714,621,28254,22375,10581,3525,29,706,90,2091,42531,20443,7594,122,1788,296,12087
21113664,1.192000,500784,342400,131564,1799,78749,3401,246227,131645,61418,24811,434,6543,1266,56621,22440,10565,3525,28,706,91,2135,41391,19851,7565,123,1690,264,11497
21215696,1.200000,533064,360160,139259,1987,80644,3885,262425,80089,37701,14826,245,3856,734,30779,22424,10580,3524,28,706,89,2103,50577,23354,8690,155,2206,422,16110
21317722,1.196000,500132,344578,132648,1756,79042,3430,245894,76662,36912,14258,212,3813,665,29140,22277,10560,3524,28,706,90,2056,22538,10627,3524,37,706,91,2067
21419797,1.200000,601386,391253,152913,2267,84233,4852,296561,94549,45753,17842,244,4794,846,37842,22640,10579,3521,28,702,91,2179,40223,19302,6992,108,1681,298,10979
21521822,1.196000,499702,343605,132276,1782,78900,3366,245651,75562,36396,14264,187,3710,637,28552,22353,10627,3524,28,706,89,2081,42683,20368,7590,131,1788,303,12137
21623851,1.200000,705498,467784,180124,3691,92198,5613,348618,127098,62151,25047,292,6821,1121,54298,22371,10567,3525,28,706,89,2125,42086,19671,7486,123,1687,263,11819
21725882,1.200000,520944,352181,135390,1904,80087,3807,256280,74086,35459,13918,170,3596,605,27801,22418,10569,3524,28,706,91,2105,50324,23365,8697,146,2205,410,16012
21827947,1.204000,539273,363872,140814,1952,81176,3905,265481,75270,36441,14216,179,3730,600,28368,22405,10576,3524,28,706,89,2150,22843,10604,3523,36,706,90,2147
21929989,1.200000,541739,365668,141905,1961,81372,4000,266749,108128,52445,20782,349,5454,1028,44630,22535,10575,3521,28,702,90,2136,48411,23428,8737,121,2190,405,15037
